title,title_url,company,cicon,cicon1,type,keyword,popular,date,easy_apply,salary_min,salary_max
                     未経験歓迎 営業事務 土日祝休 原則定時退社                 ,https://xn--pckua2a7gp15o89zb.com/jb/1662c466b11d81724ee02ca2f8b53ff0,株式会社東京海上日動パートナーズ東海北陸,                     金沢市 鞍月                                    ,月給20万円～45万円 / 賞与あり,正社員,                    未経験OK                                     在宅ワーク                                     ブランクOK                                     研修あり                                     残業月～30時間                                     土日祝休                                     年休120日～                 ,人気,9日前,,,
ものづくり技術職 鉄骨製造・加工,https://xn--pckua2a7gp15o89zb.com/rd/?uaid=l5a85be3295750a27cbe735e4f2a8956d&p=t%2BAK7k0GmMUr0ZRss/MBm/EOLG4Fk9d0kwGiELk2/GesuJlxHCprrkuvxEdncp95wQ1JPX2jrOBkprkhlJedd2idAgfHqBQoe/89nqap1kcbLsuKk/EWhmecSYbnvS883nqkoDj1Ls5bdVGUKQX7MG3R6E4f/LtlWo03trhXQ/umIpVjGAdxiBMasB7M2GkdA82ZCJoAzKMzzZ71OaxJ6124oPfHfNDB3GMAShI98vOQYFF1bRvuoUEp/R/KfXOHbDUCtujAfIwyTioI7N7U6zIYjVd2Z5i5XJgnzAhyOYjTf6/bYTqOVXmp3OKv3ssAlSlRwpFH3TyPMsyK5MvPM/NYSIcq7dq3LIROff60s38pUggjrkwjBJk1z3JQKZJdO9YxZGADJMBu1RpZpnxvp5GUgLEDzQsP5rQW48t8b9gEYraIeHdCRC0ZPYu7KjLPVobPEHEiIB9jX0/1G7Fhkhai6/l3SZmibxdGxWKCBKpvsPA0zhybj9YbNvxBsCAh9yeMnLJrJ3aozzNbaDD70w%3D%3D&ph=571ebd9c9f8e&phv=1,有限会社海鐵工,                     石川県 金沢市 福久東                                    ,月給22万円～40万円 / 賞与あり・昇給あり,正社員,                    未経験OK                                     ミドル・シニア                                     中型免許                                     AT限定可                                     駐車場あり                                     交通費                                     老舗企業                 ,人気,14日以上前,かんたん応募,,
フェンスやガードレールの設置スタッフ／未経験OK／土日祝休／賞与・昇給あり,https://xn--pckua2a7gp15o89zb.com/rd/?uaid=lb4e39998e4dc6dcb5a2c231401f546b9&p=t%2BAK7k0GmMUr0ZRss/MBmwKHNA6adlZcEPXiOn/babthR2gevquDHsn84NUiZD548k2IfX4cICFakgPoFNQtnmidAgfHqBQoe/89nqap1kfiFSud59czRcGe2iqOVOWT3nqkoDj1Ls5bdVGUKQX7MG3R6E4f/LtlWo03trhXQ/umIpVjGAdxiBMasB7M2GkdA82ZCJoAzKMzzZ71OaxJ6124oPfHfNDB3GMAShI98vOQYFF1bRvuoUEp/R/KfXOHbDUCtujAfIwyTioI7N7U6zIYjVd2Z5i5XJgnzAhyOYhtPxtvViq5lr9vsoyEapB55tLfzquOl3/hBybszOsJqvNYSIcq7dq3LIROff60s38pUggjrkwjBJk1z3JQKZJdO9YxZGADJMBu1RpZpnxvp8/boiJrVr6BAN287iNTT0Eh4A3Bil2B2gjaYy9yt7btvyn89x38t9D4bCNxtKxWqVUrzbOAiH%2Bwj6b%2BPKjHHImW/PwU3Dry9ywZRriqBImgLTgtbLGzKXBXhaQlDTII1Q%3D%3D&ph=61dc579b6030&phv=1,株式会社カネミツ,                     石川県 金沢市 割出町                                    ,月給25万円～48万円 / 賞与あり・昇給あり,正社員,                    未経験OK                                     UIターン                                     交通費                                     土日祝休                                     ワークライフバランス                                     若手活躍                                     長期休暇                 ,人気,14日以上前,かんたん応募,,
リサイクル品のルート収集スタッフ,https://xn--pckua2a7gp15o89zb.com/rd/?uaid=l1130213f44660d5be1d291686f2896f6&p=t%2BAK7k0GmMUr0ZRss/MBm%2ByxR/art4dsk7KTRoQSk11hrv6rMtTF7AQlwYEpqpjtylvvnTgMQENZyI1k/M0HVGidAgfHqBQoe/89nqap1kcJYaRgz1LbJG8KvUthOICP3nqkoDj1Ls5bdVGUKQX7MG3R6E4f/LtlWo03trhXQ/umIpVjGAdxiBMasB7M2GkdA82ZCJoAzKMzzZ71OaxJ6124oPfHfNDB3GMAShI98vOQYFF1bRvuoUEp/R/KfXOHbDUCtujAfIwyTioI7N7U6zIYjVd2Z5i5XJgnzAhyOYhWGMUr%2B5ZbeGtR5F4LRRWVqduZMklQ%2BpCuqWbJFbxdS/NYSIcq7dq3LIROff60s38pUggjrkwjBJk1z3JQKZJdO9YxZGADJMBu1RpZpnxvp6BKIXBOIYAuh3yaUeA6uqRKZYAiGKFgV7NMqmENaheZD68tFZMD8ueGydiWSRw7frKEvD3aOgYrRi3ZBMrQx3lqEHesfhEfJzys6KbzEXGTDiAOdO6VOlXP3xQdMqDSIA%3D%3D&ph=614a33fca5c6&phv=1,株式会社鶴商,                     石川県 金沢市 湊                                    ,月給25万円～ / 賞与あり・昇給あり,正社員,                    未経験OK                                     大型免許                                     中型免許                                     研修あり                                     資格取得支援                                     交通費                                     週休2日                 ,人気,2日前,かんたん応募,,
                     石川県金沢市のホテルのレストランの洗い場／金沢の中心部に位置する高層ホテル「ANAホリデイ                 ,https://xn--pckua2a7gp15o89zb.com/jb/1850e57da1b366b42891cf43082078c9,株式会社金沢スカイホテル,                     金沢市 武蔵町                                    ,"時給1,000円～1,080円 / 交通費支給",アルバイト・パート,                    未経験OK                                     ミドル・シニア                                     学生歓迎                                     シフト制                                     制服あり                                     禁煙・分煙                                     友達応募OK                 ,人気,14日以上前,,,
                     治験コーディネーター                 ,https://xn--pckua2a7gp15o89zb.com/jb/bb66675f185742700465106a761d60ce,株式会社アイデム,                     石川県 金沢市                                    ,月給29万円～ / 賞与あり・昇給あり,正社員,                    未経験OK                                     在宅ワーク                                     産休・育休                                     土日祝休                                     グローバル                                     臨床検査技師                                     交通費                 ,人気,14日以上前,,,
倉庫内作業および配送,https://xn--pckua2a7gp15o89zb.com/rd/?uaid=lf5ee10b6078a6b049234c1427f0a8814&p=t%2BAK7k0GmMUr0ZRss/MBm/v3vJbgsWKZD20wK9C1Mzwt/Gv5D1blce6kX9M4UCgBpq5m4BLFAEsnlAkENr4LpWidAgfHqBQoe/89nqap1kc3qYOmry0M9KFMu83WT9aw3nqkoDj1Ls5bdVGUKQX7MG3R6E4f/LtlWo03trhXQ/umIpVjGAdxiBMasB7M2GkdA82ZCJoAzKMzzZ71OaxJ6124oPfHfNDB3GMAShI98vOQYFF1bRvuoUEp/R/KfXOHbDUCtujAfIwyTioI7N7U6zIYjVd2Z5i5XJgnzAhyOYglenm0R5H4CUo85WlCpyuILmuBzNg49hWtrYc6wZf15vNYSIcq7dq3LIROff60s38pUggjrkwjBJk1z3JQKZJdO9YxZGADJMBu1RpZpnxvp5OLVxSOkBpq9cdyjhi8oY7umyXdz2/ASQTPFelOW/3aPcOa9VcKdp%2BHaDjsUZEcAH/a0hHI6wAmAFbdTFsQYaSCwbPh29L839/avDHCsyk92Vq/Mlla/dAFxUZQ%2Bas5Xg%3D%3D&ph=3aa831d6ae39&phv=1,株式会社坂田亀巣堂,                     石川県 金沢市 福久町                                    ,"時給1,000円～ / 交通費支給",アルバイト・パート,                    未経験OK                                     ミドル・シニア                                     車通勤OK                                     シフト制                                     短時間OK                                     禁煙・分煙                                     昇給あり                 ,人気,14日以上前,かんたん応募,,
照明演出技術者,https://xn--pckua2a7gp15o89zb.com/rd/?uaid=l01af92c8492f051225954b535ab745b9&p=t%2BAK7k0GmMUr0ZRss/MBm8Q00x63WxJ8%2BmqgmEyeQPMhWLegfpSZ5/%2BfOimD9f6w1oobtjF9Sx211qv%2BQ/u1PWidAgfHqBQoe/89nqap1kdeZzjWUI/IPIPbHJ89TuZm3nqkoDj1Ls5bdVGUKQX7MG3R6E4f/LtlWo03trhXQ/umIpVjGAdxiBMasB7M2GkdA82ZCJoAzKMzzZ71OaxJ6124oPfHfNDB3GMAShI98vOQYFF1bRvuoUEp/R/KfXOHbDUCtujAfIwyTioI7N7U6zIYjVd2Z5i5XJgnzAhyOYh5qWQUfxCCPv1Mf1nX7f3C6MykgTj095WZWgYAVAeb9fNYSIcq7dq3LIROff60s38pUggjrkwjBJk1z3JQKZJdO9YxZGADJMBu1RpZpnxvpxPF1sT/530cvEDNxvZ4sHxXMj4UDKIeyBQtJ6JT/mSNUboBe4zOraR5lH8oLNnlKnNb2VZKSLIeJ6Co22q1zxOWAxbDRIlQ5nWfbRifolGsIAMtRIfECbg7%2BOb/8aKoLw%3D%3D&ph=317a1c230d2b&phv=1,坪田電機株式会社,                     石川県 金沢市 千木 / 東金沢駅 車7分                                    ,月給20万円～ / 賞与あり・昇給あり,正社員,                    未経験OK                                     女性活躍                                     交通費                                     車通勤OK                                     ミドル・シニア                                     履歴書不要                                     資格取得支援                 ,人気,14日以上前,かんたん応募,,
⽣コンミキサー⾞の運転,https://xn--pckua2a7gp15o89zb.com/rd/?uaid=l918a4ea03cce9d616ea65a87eafaee6c&p=t%2BAK7k0GmMUr0ZRss/MBm171kjlRl58d1rgeY2Xcq/S7p39Jct/6uOQ7tI%2Bt985LzDHau4%2BAESXHsdntM7elpmidAgfHqBQoe/89nqap1kfJxFSqYpJvRWhymiPriHol3nqkoDj1Ls5bdVGUKQX7MG3R6E4f/LtlWo03trhXQ/umIpVjGAdxiBMasB7M2GkdA82ZCJoAzKMzzZ71OaxJ6124oPfHfNDB3GMAShI98vOQYFF1bRvuoUEp/R/KfXOHbDUCtujAfIwyTioI7N7U6zIYjVd2Z5i5XJgnzAhyOYiJr9xEoBrI0coYi0Af1XIZGbkpEy3rCFU5QjLZ1vH2fvNYSIcq7dq3LIROff60s38pUggjrkwjBJk1z3JQKZJdO9YxZGADJMBu1RpZpnxvp8AQyYVss8g86/1WWh3Qrc13q9rmP8yIbk0KY3DzVOrsDskKAprQHfmGpo27JCuWrT3DmvVXCnafh2g47FGRHADg5hpFqDIstMS9G8I7msMH9yeMnLJrJ3aozzNbaDD70w%3D%3D&ph=88ef0906032b&phv=1,金沢生コンクリート株式会社,                     石川県 金沢市 湊                                    ,"月給24万円～32万5,000円 / 賞与あり・昇給あり",正社員,                    駐車場あり                                     中型免許                                     経験者優遇                                     資格手当                                     社保完備                                     交通費                                     資格取得支援                 ,人気,14日以上前,かんたん応募,,
技術部門限定職,https://xn--pckua2a7gp15o89zb.com/rd/?uaid=lf5d12c8a00a7acd19243ce6ed5f438e6&p=t%2BAK7k0GmMUr0ZRss/MBmz%2BOz3GPLaesVHiobPS72goQ5uFC3RuiTPdhfcPDlfj3Id7pP0Yj0mp93ZWfni/Z32idAgfHqBQoe/89nqap1kedY%2BNiT0BTE6wrn1Xo6Z933nqkoDj1Ls5bdVGUKQX7MG3R6E4f/LtlWo03trhXQ/umIpVjGAdxiBMasB7M2GkdA82ZCJoAzKMzzZ71OaxJ6124oPfHfNDB3GMAShI98vOQYFF1bRvuoUEp/R/KfXOHbDUCtujAfIwyTioI7N7U6zIYjVd2Z5i5XJgnzAhyOYjT1uC550l08RudTtM7Py3a%2BC3YI70J%2B0%2BKPyQ22fjZwnOb341e2RTVjQgUG/1axYsbhS4nF4caoVPxNtpOre3ccQa%2B9Jqf2oy4aM4fcFebseHc0kl16YmyJs%2BsMoHnSUCnLrHPWzo2prv31n8fbKQCSjlVRCTqTzyBM8UZa/pZMr%2BHT2uyjX6Bbso09MgAK1j3J4ycsmsndqjPM1toMPvT&ph=8798df3c39d3&phv=1,大和リース株式会社,                     石川県 金沢市 鞍月                                    ,月給26万円～44万円 / 賞与あり・昇給あり,正社員,                    EXCEL                                     車通勤OK                                     交通費                                     家族手当                                     社保完備                                     週休2日                                     PowerPoint                 ,人気,14日以上前,かんたん応募,,
ルート営業および配送業務,https://xn--pckua2a7gp15o89zb.com/rd/?uaid=la2d0e40cc374496f165e14ae154e1ef2&p=t%2BAK7k0GmMUr0ZRss/MBmwmCC9RysXcKHcpuwheRlWA7dBYplCaa4KmUgpPEzIb9SXd%2B5prZkSz6o9uyJjUFM2idAgfHqBQoe/89nqap1kd/qGffM3CHVrZO2d7tgv7a3nqkoDj1Ls5bdVGUKQX7MG3R6E4f/LtlWo03trhXQ/umIpVjGAdxiBMasB7M2GkdA82ZCJoAzKMzzZ71OaxJ6124oPfHfNDB3GMAShI98vOQYFF1bRvuoUEp/R/KfXOHbDUCtujAfIwyTioI7N7U6zIYjVd2Z5i5XJgnzAhyOYhh3Takeyr%2B7yZVJgeH43Zi%2BAOSYW3JcvUnFjyhL5ZJuXOb341e2RTVjQgUG/1axYsbhS4nF4caoVPxNtpOre3ccQa%2B9Jqf2oy4aM4fcFebsftVzwg8F7aW1SaYOWvSblTtAOpC%2BQgUIOYK2aFT9zkyYxFTgJGWJosgJM2lFuQ2qRpjEw%2Boax0BPgJCgKV/hit8IQsoRegljjFVvgE2wduagsGz4dvS/N/f2rwxwrMpPdlavzJZWv3QBcVGUPmrOV4%3D&ph=bcfcef3854d2&phv=1,株式会社坂田亀巣堂,                     石川県 金沢市 福久町                                    ,"月給22万7,300円～ / 賞与あり・昇給あり",正社員,                    未経験OK                                     車通勤OK                                     土日祝休                                     介護休暇                                     家族手当                                     禁煙・分煙                                     年休120日～                 ,人気,14日以上前,かんたん応募,,
                     SDGsで注目!環境衛生を支える ルート営業 転勤なし 未経験OK                 ,https://xn--pckua2a7gp15o89zb.com/jb/35ec58e678488c1536809afc6775cd36,イカリ消毒株式会社,                     石川県 金沢市                                    ,月給23万円～33万円 / 賞与あり・昇給あり,正社員,                    未経験OK                                     学歴不問                                     車通勤OK                                     残業月～30時間                                     土日祝休                                     シェア上位                                     第二新卒                 ,人気,14日以上前,,,
                     アパレル販売スタッフ／レプシィム 金沢百番街                 ,https://xn--pckua2a7gp15o89zb.com/jb/b92328c3ba0124e1d12c9fd7a325c864,株式会社アダストリア,                     金沢市 木ノ新保町 / 金沢駅 / 金沢百番街                                    ,"時給1,000円～ / 交通費支給",アルバイト・パート,                    未経験OK                                     女性活躍                                     初バイト                                     シフト制                                     短期・単発                                     学生歓迎                                     フリーター歓迎                 ,人気,14日以上前,,,
                     レディスウェアの販売スタッフ／ハニーズ もりの里店                 ,https://xn--pckua2a7gp15o89zb.com/jb/7d0d4d3639b09928b81d3845cbbaa03f,株式会社ハニーズ,                     金沢市 金沢駅                                    ,"時給1,010円～ / 交通費支給",アルバイト・パート,                    未経験OK                                     服装自由                                     バイクOK                                     社割あり                                     車通勤OK                                     フリーター歓迎                                     禁煙・分煙                 ,人気,14日以上前,,,
                     ホールスタッフ／ラーメン屋                 ,https://xn--pckua2a7gp15o89zb.com/jb/0801e5702459d10eb2c25349cfc4e8b5,ラーメン太る 野々市店,                     野々市市 扇が丘 / 馬替駅 徒歩13分                                    ,月給40万円～,正社員 / アルバイト・パート,                    未経験OK                                     急募                                     接客なし                                     シフト制                                     制服あり                                     ミドル・シニア                                     年齢不問                 ,人気,12日前,,,
                     100円ショップの接客販売スタッフ／ダイソーイオンタウン金沢駅西本町店 7685                 ,https://xn--pckua2a7gp15o89zb.com/jb/b6f4ef2f070a8b8b67c649539f47db71,大創産業株式会社,                     金沢市 金沢駅 徒歩28分                                    ,"時給1,070円～1,120円 / 交通費支給",アルバイト・パート,                    未経験OK                                     女性活躍                                     フリーター歓迎                                     WワークOK                                     シフト制                                     土日祝のみ                                     主婦・主夫                 ,人気,14日以上前,,,
                     事務員／シダックス大新東ヒューマンサービス 金沢営業所                 ,https://xn--pckua2a7gp15o89zb.com/jb/f79a8baf8e546a9b82577644e1a8fb7b,シダックス株式会社,                     金沢市 広岡 / 金沢駅 徒歩5分                                    ,"時給1,200円～ / 交通費支給",アルバイト・パート,                    未経験OK                                     ブランクOK                                     駅チカ                                     シフト制                                     経験者優遇                                     学歴不問                                     ミドル・シニア                 ,人気,14日以上前,,,
                     デビューを応援 営業 転勤なし／完全土日祝休／全国                 ,https://xn--pckua2a7gp15o89zb.com/jb/fc8db03deafcd6ccea10934939a7c3ee,株式会社トップ,                     石川県 金沢市                                    ,"月給25万5,000円～ / 賞与あり・昇給あり",正社員,                    未経験OK                                     学歴不問                                     中途多数                                     週休2日                                     土日祝休                                     女性活躍                                     残業月～30時間                 ,人気,14日以上前,,,
                     キッチンスタッフ、デリ・惣菜販売・スイーツ販売／スーパー・業務スーパー                 ,https://xn--pckua2a7gp15o89zb.com/jb/31b7e8424e72764d129e8c3f5357352b,株式会社MHホールディングス,                     金沢市 長田本町 / 金沢駅 徒歩16分                                    ,"時給1,100円～ / 交通費支給",アルバイト・パート,                    未経験OK                                     ブランクOK                                     バイクOK                                     コロナ感染対策あり                                     経験者優遇                                     研修あり                                     ミドル・シニア                 ,人気,8日前,,,
                     生パスタレストラン ホール・キッチンスタッフ野々市店                 ,https://xn--pckua2a7gp15o89zb.com/jb/cf5ef04b15d4e04588ecca32f467de96,鎌倉パスタ,                     金沢市 乙丸駅 徒歩15分                                    ,"時給1,000円～ / 交通費支給",アルバイト・パート,                    未経験OK                                     女性活躍                                     主婦・主夫                                     制服あり                                     シフト制                                     平日のみOK                                     学生歓迎                 ,人気,8日前,,,
                     ピザハット インストアスタッフ／ピザハット金沢小立野店                 ,https://xn--pckua2a7gp15o89zb.com/jb/17da23bf51cb3be64b77e9dc86a30905,日本ピザハット株式会社,                     金沢市 小立野                                    ,時給984円～,アルバイト・パート,                    未経験OK                                     女性活躍                                     フリーター歓迎                                     土日祝のみ                                     主婦・主夫                                     バイクOK                                     社員登用                 ,人気,14日以上前,,,
                     新幹線車両、駅の清掃スタッフ                 ,https://xn--pckua2a7gp15o89zb.com/jb/5cd7386f00b560e972ab9b8492efaabd,株式会社JR西日本金沢メンテック,                     金沢市 金沢駅 徒歩5分                                    ,"時給1,200円～",契約社員,                    未経験OK                                     ブランクOK                                     制服あり                                     車通勤OK                                     産休・育休                                     シフト制                                     駅チカ                 ,人気,14日以上前,かんたん応募,,
                     地域社会の未来を創造する! 地域共生関連業務 賞与5.3ヶ月                 ,https://xn--pckua2a7gp15o89zb.com/jb/5f3d2975de5efa05739f79f24769d9a0,西日本旅客鉄道株式会社,                     金沢市 広岡 / 金沢駅 徒歩5分                                    ,"月給25万3,066円～50万6,297円 / 賞与あり",正社員,                    未経験OK                                     在宅ワーク                                     女性活躍                                     産休・育休                                     経験者優遇                                     土日祝休                                     寮・社宅あり                 ,人気,14日以上前,,,
                     介護老人保健施設の洗い場スタッフ                 ,https://xn--pckua2a7gp15o89zb.com/jb/272d353ebf8451eddc2a8e1fb53b79b3,株式会社ニチダン,                     金沢市 森本駅 車5分                                    ,"時給1,000円～ / 交通費支給",アルバイト・パート,                    未経験OK                                     ミドル・シニア                                     車通勤OK                                     経験者優遇                                     主婦・主夫                                     研修あり                                     シフト制                 ,人気,14日以上前,かんたん応募,,
塾講師／個別指導塾の教室長候補,https://xn--pckua2a7gp15o89zb.com/rd/?uaid=c20be15330fd0fb28b861a81cfbbcc8d&p=t%2BAK7k0GmMUr0ZRss/MBm0Axv6erdnWH5I/71YLLXmCJ3WSvOBnG7CFUTlMrDff2oq7demqeUBhgflszfejQ%2BmidAgfHqBQoe/89nqap1kfS5XV3%2BQLKtXq9O9Jy%2BX8A3nqkoDj1Ls5bdVGUKQX7MG3R6E4f/LtlWo03trhXQ/umIpVjGAdxiBMasB7M2GkdA82ZCJoAzKMzzZ71OaxJ6124oPfHfNDB3GMAShI98vOQYFF1bRvuoUEp/R/KfXOHY6nmDea7uVGyRQ9B%2BQT91T6OrAWsG0EC6CdGPvUh8SzTf6/bYTqOVXmp3OKv3ssA8x6Z/irCMuvbNtGKp4ClkXOb341e2RTVjQgUG/1axYsbhS4nF4caoVPxNtpOre3ccQa%2B9Jqf2oy4aM4fcFebsZXntVnBtxIt7ZnyCGlbtaUWouv5d0mZom8XRsViggSqq2/rNA077y2fi2iB/upA5eDkWdbCmfuGJpXExdIFjfk%3D&ph=3c11bc9f7d60&phv=1,個別教室のマナベスト,                     石川県 金沢市 笠舞                                    ,"月給24万8,000円～45万5,000円 / 賞与あり・昇給あり",正社員,                    未経験OK                                     急募                                     バイクOK                                     研修あり                                     社保完備                                     経験者歓迎                                     残業なし                 ,人気,14日以上前,かんたん応募,,
"                     売らない 営業 初年度年収1,000万超可能×土日祝休 転勤なし                 ",https://xn--pckua2a7gp15o89zb.com/jb/becb09078628f2be4c203e786b5c9d57,株式会社DLIM,                     金沢市 駅西本町                                    ,月給35万円～ / 賞与あり・昇給あり,正社員,                    未経験OK                                     女性活躍                                     年休120日～                                     経験者優遇                                     土日祝休                                     禁煙・分煙                                     3年連続成長                 ,人気,14日以上前,,,
塾講師／個別指導塾の教室長候補,https://xn--pckua2a7gp15o89zb.com/rd/?uaid=c20be15330fd0fb28b861a81cfbbcc8d&p=t%2BAK7k0GmMUr0ZRss/MBmzwrUsqgffiwozXHA3M02g9YccP3zjq7mF%2Bo1e3RHCgGHc/Rp5GnEhNz9kE5%2BudTsFYtZ3Bbe2u8p1GqFeRxtPMUV2Bvw7g/PY8ku72w/WuWipUbZRdFt19vBBtuq3ustHMtRZ7iFhPhaB3viMitjnJQ3um3ei2oZ0eSLL2gva2ArmrqYgEeW3EH8%2BsI1TDc2vVgtHJqy88BRkTjXoV4g42FhTvG%2BfC4Z7YuTf69ETIQjAl22JGnDmX9hSAF/hwEbDLKg05/T1MOOt/FfzMx2Qw47Tvg1R45s2rz3cRgtyOvuVsj/qbhPxzncNKDyUNGxHOb341e2RTVjQgUG/1axYsbhS4nF4caoVPxNtpOre3ccQa%2B9Jqf2oy4aM4fcFebsZXntVnBtxIt7ZnyCGlbtaUWouv5d0mZom8XRsViggSqq2/rNA077y2fi2iB/upA5eDkWdbCmfuGJpXExdIFjfk%3D&ph=d134c4b8546a&phv=1,個別教室のマナベスト,                     石川県 金沢市 笠舞                                    ,"月給24万8,000円～45万5,000円 / 賞与あり・昇給あり",正社員,                    未経験OK                                     急募                                     バイクOK                                     研修あり                                     社保完備                                     経験者歓迎                                     残業なし                 ,人気,14日以上前,かんたん応募,,
作業員,https://xn--pckua2a7gp15o89zb.com/rd/?uaid=lc8be07175579a1b5ca496e04924498fd&p=t%2BAK7k0GmMUr0ZRss/MBm8/JdGnscsHKYICmVkZtWeK58hi3Ln/ARjxutMOdlcvVg42nW%2B7Io7KIvnxC6lfOFlYtZ3Bbe2u8p1GqFeRxtPOGdzXOwsJ0rX4dI9RxDk%2BripUbZRdFt19vBBtuq3ustHMtRZ7iFhPhaB3viMitjnJQ3um3ei2oZ0eSLL2gva2ArmrqYgEeW3EH8%2BsI1TDc2vVgtHJqy88BRkTjXoV4g42FhTvG%2BfC4Z7YuTf69ETIQDDplwLExZ6IbomuEN02AkCRNifsiQ5ije4scwzJ7v89qjA0ZwFyPf2WX6P/uXEpQEetW/pRvJEkPvNCh6d9vSnpCXxhFNxKZf%2BmsR5oGavFqS/Iss9a/SLMTb84ZMxW3%2BaLkvYChve6sfZc59tkpEVtkgnBEvwEhwfkUBd7oBeASoQezGJvAUl9RbBMtdJUdEzE4pJf/JN0J8YojIDx1bRpjEw%2Boax0BPgJCgKV/hisK5PhwO9fNal31Bubly%2B69shMjwY7N0k0caDPKxrQi5w%3D%3D&ph=2bbc05020786&phv=1,沢田工業株式会社,                     石川県 野々市市 粟田 / 乙丸駅 徒歩10分                                    ,"月給20万5,200円～27万7,100円 / 賞与あり・昇給あり",正社員,                    未経験OK                                     ミドル・シニア                                     交通費                                     社員旅行                                     駐車場あり                                     車通勤OK                                     家族手当                 ,人気,14日以上前,かんたん応募,,
福祉施設へのルート営業 資格不問,https://xn--pckua2a7gp15o89zb.com/rd/?uaid=lc9d13d011e030eb76f2d2126a5f3e242&p=t%2BAK7k0GmMUr0ZRss/MBmz%2BzX5x7oxZqT2foXnFYJLxvrvSOnFISGE/LLQvUnNacIiTGC5EICPFeq/z9bCTPgVYtZ3Bbe2u8p1GqFeRxtPOsE8vzADK5ajZblM2/0uG1ipUbZRdFt19vBBtuq3ustHMtRZ7iFhPhaB3viMitjnJQ3um3ei2oZ0eSLL2gva2ArmrqYgEeW3EH8%2BsI1TDc2vVgtHJqy88BRkTjXoV4g42FhTvG%2BfC4Z7YuTf69ETIQDDplwLExZ6IbomuEN02AkCRNifsiQ5ije4scwzJ7v8%2B6I94vi/Y4VBfFMklXSKFlqOHMDxgr02OwqNj5mh9JvHpCXxhFNxKZf%2BmsR5oGavFqS/Iss9a/SLMTb84ZMxW3%2BaLkvYChve6sfZc59tkpEQSw%2BWbNq3dMM34aKmwNWykqRIvh97nOoEl21EP7B0HDocu2GbYTDzQIUNEMzYrg8Q%2BvLRWTA/LnhsnYlkkcO36yhLw92joGK0Yt2QTK0Md574Ne3X9O3hmxa0Jq/XLJy143uss04ynWpBKl%2BqRS7WE%3D&ph=ff4e6c7ddfa9&phv=1,株式会社トミキライフケア,                     石川県 金沢市 問屋町                                    ,月給20万円～30万円 / 賞与あり・昇給あり,正社員,                    未経験OK                                     女性活躍                                     残業少                                     禁煙・分煙                                     週休2日                                     アットホーム                                     車通勤OK                 ,人気,14日以上前,かんたん応募,,
自動車の修理・整備スタッフ／月給25万円～／残業なし／17:30退社／アットホームな職場,https://xn--pckua2a7gp15o89zb.com/rd/?uaid=l62dd48a2ecb917f0393fdfb11d1f235e&p=t%2BAK7k0GmMUr0ZRss/MBm4U6W/Xol4N%2BPg3Jqgz2QOOTd6uDvMamp0g05DfbzI9/fFTjVmVWcjo04B79n9%2Bj9lYtZ3Bbe2u8p1GqFeRxtPMPGDDQDul/bcr4EiRNB/7PipUbZRdFt19vBBtuq3ustHMtRZ7iFhPhaB3viMitjnJQ3um3ei2oZ0eSLL2gva2ArmrqYgEeW3EH8%2BsI1TDc2vVgtHJqy88BRkTjXoV4g42FhTvG%2BfC4Z7YuTf69ETIQDDplwLExZ6IbomuEN02AkCRNifsiQ5ije4scwzJ7v8/OXC0GRQ1Xabb3qUUOxFfsabtNO3kSRd0GE3eA7XUGlHpCXxhFNxKZf%2BmsR5oGavFqS/Iss9a/SLMTb84ZMxW3%2BaLkvYChve6sfZc59tkpEfaSlTHOzXlh%2BAH9/6YQer6Y3aj59iYxmNPmGSpvBOWa3yBPXbCI4nOT51CtXDyyLdpXG71aVE1Au3/VnVFK8Wpv9tSI07nYGu6xOuayih4SlmnfZUtpoi7SAA/nxdc3Qg%3D%3D&ph=9543389a3172&phv=1,有限会社タダムラ自動車鈑金,                     石川県 金沢市 近岡町 / 大河端駅 車5分                                    ,月給25万円～35万円 / 賞与あり・昇給あり,正社員,                    学歴不問                                     交通費                                     学生歓迎                                     駐車場あり                                     UIターン                                     週休2日                                     残業なし                 ,,14日以上前,かんたん応募,,
                     テレビ朝日系列局で伝える仕事 技術・総合職 制作／マスター                 ,https://xn--pckua2a7gp15o89zb.com/jb/385e484b986955468e1cfa3ae2a59571,株式会社放送技術社,                     金沢市 松島                                    ,月給21万500円～ / 昇給あり,正社員,                    未経験OK                                     服装自由                                     特別休暇                                     上場企業                                     資格手当                                     経験者優遇                                     週休2日                 ,人気,14日以上前,,,
産業医／大手企業での常勤産業医／産業医複数名体制のため、産業医,https://xn--pckua2a7gp15o89zb.com/rd/?uaid=la532fd63af202e12776075faa85b8a3d&p=t%2BAK7k0GmMUr0ZRss/MBm5pDMBTDuDL2%2BsTO0o6pWBA8OE3WwQVbNRCA2MLLV7lmvEjvQHsaVSduVqhFx9bhE1YtZ3Bbe2u8p1GqFeRxtPOO4Z83XKJZYyq1iqHCfGjaipUbZRdFt19vBBtuq3ustHMtRZ7iFhPhaB3viMitjnJQ3um3ei2oZ0eSLL2gva2ArmrqYgEeW3EH8%2BsI1TDc2vVgtHJqy88BRkTjXoV4g42FhTvG%2BfC4Z7YuTf69ETIQDDplwLExZ6IbomuEN02AkMuV7Wm9wrxim9MPKRc5TfY47Tvg1R45s2rz3cRgtyOvCPUQVBJkrmd%2BWir7s/DRxXOb341e2RTVjQgUG/1axYsbhS4nF4caoVPxNtpOre3ccQa%2B9Jqf2oy4aM4fcFebsY96YXa5QExjSXbX%2BS934j7H0mVUz6Pud%2BFfsf%2BoMk6WsyJ%2BHVa/Snhgo4NlkwxptW5WdF2tfFDU2bp3J6wU61DZWr8yWVr90AXFRlD5qzle&ph=6f7ab8deeabe&phv=1,,                     石川県 金沢市                                    ,"年収900万円～1,200万円",契約社員,                    交通費                                     週休2日                                     産業医                 ,,14日以上前,,,
ブランド・ジュエリー等の買取査定スタッフ／完全ノルマなしで賞与年3回,https://xn--pckua2a7gp15o89zb.com/rd/?uaid=a68ce425f366bbaecb4a1273f6e71732&p=t%2BAK7k0GmMUr0ZRss/MBm92yDxLaZGRTQo2F6P046htGtAc6A7tueJfuY/FSS3BdxLb/SJZpw8zIsbTJzbO1OlYtZ3Bbe2u8p1GqFeRxtPM59zKToLc9LvCTzVCpgo0%2BipUbZRdFt19vBBtuq3ustHMtRZ7iFhPhaB3viMitjnJQ3um3ei2oZ0eSLL2gva2ArmrqYgEeW3EH8%2BsI1TDc2vVgtHJqy88BRkTjXoV4g42FhTvG%2BfC4Z7YuTf69ETIQjAl22JGnDmX9hSAF/hwEbDLKg05/T1MOOt/FfzMx2QxTeYnAVl3Iwg5dfjAwkY4Waf6D1uIcANYWt%2BPlC3YBSnOb341e2RTVjQgUG/1axYsbhS4nF4caoVPxNtpOre3ccQa%2B9Jqf2oy4aM4fcFebsZXntVnBtxIt7ZnyCGlbtaUWouv5d0mZom8XRsViggSqAYNjDSjhyb5Ad0yOVoT2oLITI8GOzdJNHGgzysa0Iuc%3D&ph=a01ba3d19d4b&phv=1,株式会社ローカルメイド,                     石川県 金沢市 神宮寺                                    ,月給35万円～ / 昇給あり,正社員,                    未経験OK                                     急募                                     資格手当                                     EXCEL                                     AT限定可                                     社割あり                                     シフト自由                 ,人気,9日前,かんたん応募,,
個人営業,https://xn--pckua2a7gp15o89zb.com/rd/?uaid=l092d38eb7dfff1b84e42f0253ad39001&p=t%2BAK7k0GmMUr0ZRss/MBmwttqWnuVO8n49owDosurM24l6I3G8UuI9ZM2k9vcLw88uy30DO/cApE8VZxJY6g4lYtZ3Bbe2u8p1GqFeRxtPOOMgxMh%2B21e9WmRT8IjAmPipUbZRdFt19vBBtuq3ustHMtRZ7iFhPhaB3viMitjnJQ3um3ei2oZ0eSLL2gva2ArmrqYgEeW3EH8%2BsI1TDc2vVgtHJqy88BRkTjXoV4g42FhTvG%2BfC4Z7YuTf69ETIQDDplwLExZ6IbomuEN02AkCRNifsiQ5ije4scwzJ7v89n7lQuoLg%2B9Ivazcny5iWFkluA4vjnghDy2ON30VM6wnpCXxhFNxKZf%2BmsR5oGavFqS/Iss9a/SLMTb84ZMxW3%2BaLkvYChve6sfZc59tkpEY9UyJFLOzFmUrp7BwblJCO2d14RRHnUvCy75e9GQDKcD68tFZMD8ueGydiWSRw7fky4Wu%2BruKZgKNnuXNBAqeDke0huxvzl/IFJVS7FUyp5Xje6yzTjKdakEqX6pFLtYQ%3D%3D&ph=9da4085f8ecd&phv=1,株式会社高橋ブッサン 福久店,                     石川県 金沢市 荒屋                                    ,月給24万円～34万円 / 賞与あり・昇給あり,正社員,                    未経験OK                                     女性活躍                                     資格取得支援                                     ノルマなし                                     寮・社宅あり                                     家族手当                                     インセンティブ                 ,,6日前,かんたん応募,,
LPガス入出荷・設置点検／週休2日制,https://xn--pckua2a7gp15o89zb.com/rd/?uaid=lb719b3561b2c716a7b7b1f06414fc74e&p=t%2BAK7k0GmMUr0ZRss/MBm9dI7/k4nT1uMP3IaY9vJf2Kltcwg%2BBWtAKa7Q48p5NGYrS2OH0ftFG1ckKWYmjN%2BlYtZ3Bbe2u8p1GqFeRxtPOlcyHOdawIv/aB%2B9uqaOviipUbZRdFt19vBBtuq3ustHMtRZ7iFhPhaB3viMitjnJQ3um3ei2oZ0eSLL2gva2ArmrqYgEeW3EH8%2BsI1TDc2vVgtHJqy88BRkTjXoV4g42FhTvG%2BfC4Z7YuTf69ETIQDDplwLExZ6IbomuEN02AkCRNifsiQ5ije4scwzJ7v8/gQTI2tqV3XsQQUZIPnS0xyrYwjScWhLtR8dODQEYEE4GgdrO7OjYqvB7FJ8BikU73vKbdUbtVNLRPnO6EJq7DD0UPTvJTKQ1AbtNnyqDfszUCdQcnZOFVwP3QyBQtkvDEtXQsTcjdMxjU8eeuM4FmSjlVRCTqTzyBM8UZa/pZMowC%2BOhn6qbOs6TUJhudsM%2B5HW0tgtAMPyaFglSEL88MRVHQdqu%2B3iQHGMg72daXfw%3D%3D&ph=0bea7c13b96c&phv=1,株式会社コバヨウ,                     石川県 金沢市 大野町                                    ,月給18万円～27万円 / 賞与あり・昇給あり,正社員,                    未経験OK                                     社保完備                                     交通費                                     資格手当                                     EXCEL                                     週休2日                                     家族手当                 ,人気,11時間前,かんたん応募,,
障がい者グループホームの世話人,https://xn--pckua2a7gp15o89zb.com/rd/?uaid=l3d477ff1c36ca2227db1776a452eb09f&p=t%2BAK7k0GmMUr0ZRss/MBmyKd50%2B6NH/uGLataXZpLhS3VuiaTtkHN%2Bg14ll5ojq%2BrX4K1ACnYNiUFskWD5e1YlYtZ3Bbe2u8p1GqFeRxtPOGtF8bycYo36T1MB0FwhO5ipUbZRdFt19vBBtuq3ustHMtRZ7iFhPhaB3viMitjnJQ3um3ei2oZ0eSLL2gva2ArmrqYgEeW3EH8%2BsI1TDc2vVgtHJqy88BRkTjXoV4g42FhTvG%2BfC4Z7YuTf69ETIQDDplwLExZ6IbomuEN02AkCRNifsiQ5ije4scwzJ7v89Np2aIv5m25gqavMY25yWvyoxF6NZ8Ao8d5A9DOEl0r4GgdrO7OjYqvB7FJ8BikU73vKbdUbtVNLRPnO6EJq7DD0UPTvJTKQ1AbtNnyqDfszmm/VAwpo95uk0U%2BTxv%2BLpd/aAylKi0rG7QfsF29voKItBMHv3OrcEMPqw88E5gRa9pGOXTWsTSeb8mOzZRqvjbt9Ct%2Bympu4%2B3SGNXieKfDiAOdO6VOlXP3xQdMqDSIA%3D%3D&ph=d3318b8e45bd&phv=1,株式会社ピーチスター,                     石川県 金沢市 泉野町 / 野町駅 車9分                                    ,"時給1,000円～1,300円",アルバイト・パート,                    未経験OK                                     ブランクOK                                     禁煙・分煙                                     駐車場あり                                     WワークOK                                     シフト制                                     フリーター歓迎                 ,人気,14日以上前,かんたん応募,,
                     レジ打ち、精肉・青果・鮮魚販売／ドラッグストア クスリのアオキ                 ,https://xn--pckua2a7gp15o89zb.com/jb/2269df3c2aee15108c01ef20889e760c,株式会社クスリのアオキ,                     金沢市 西金沢駅 車6分                                    ,"時給1,000円～1,100円 / 交通費支給",アルバイト・パート,                    未経験OK                                     女性活躍                                     禁煙・分煙                                     友達応募OK                                     社保完備                                     社員登用                                     扶養内OK                 ,人気,14日以上前,,,
                     店舗スタッフ 賞与3.8ヶ月／週休2日／私生活に活かせる知識も                 ,https://xn--pckua2a7gp15o89zb.com/jb/2f9732a78e3992c04d9b3127364bd760,中部薬品株式会社,                     石川県 金沢市                                    ,月給20万円～30万円 / 昇給あり,正社員,                    未経験OK                                     学歴不問                                     交通費                                     UIターン                                     AT限定可                                     車通勤OK                                     社保完備                 ,人気,9日前,,,
                     ルート配送 土日祝休                 ,https://xn--pckua2a7gp15o89zb.com/jb/d46b5e236f9a8d8fe5e8d4ec6b8f2b0c,株式会社シンコー運輸,                     金沢市 湊                                    ,"月給22万円～28万2,000円 / 昇給あり",正社員,                    未経験OK                                     学歴不問                                     車通勤OK                                     資格取得支援                                     土日祝休                                     交通費                                     経験者優遇                 ,人気,8日前,,,
                     事故後に寄り添う、頼れる存在へー 損害調査員 実働7時間                 ,https://xn--pckua2a7gp15o89zb.com/jb/e2ae3da52238561ed703105a18b32d5a,株式会社ジック,                     石川県 金沢市                                    ,年収279万円～450万円 / 賞与あり・昇給あり,正社員,                    未経験OK                                     女性活躍                                     残業少                                     年俸制                                     UIターン                                     第二新卒                                     転勤なし                 ,人気,14日以上前,,,
                     ブドウ・スイカ栽培等の農業スタッフ                 ,https://xn--pckua2a7gp15o89zb.com/jb/bd426ff0242336083e52dd0fb3eaed9e,グローバルマイクロニクス株式会社,                     金沢市 北陽台                                    ,月給23万円～28万円,正社員,                    未経験OK                                     学歴不問                                     住宅手当                                     産休・育休                                     禁煙・分煙                                     交通費                                     シフト制                 ,人気,14日以上前,,,
                     朝食サービススタッフ／スマイルホテル金沢西口駅前                 ,https://xn--pckua2a7gp15o89zb.com/jb/f759ee9f463cbed1c40397593469ca11,ホスピタリティオペレーションズ,                     金沢市 広岡 / 金沢駅 徒歩4分                                    ,"時給1,200円～ / 交通費支給",アルバイト・パート,                    学歴不問                                     制服あり                                     シフト制                                     ホテル                                     年齢不問                 ,人気,14日以上前,,,
                     イベントスタッフ、データ入力                 ,https://xn--pckua2a7gp15o89zb.com/jb/b2809269c9d7efb780c1cca185eaf5d3,株式会社ネクストレベル,                     金沢市 野町駅                                    ,"時給1,250円～2,500円 / 交通費支給",アルバイト・パート,                    未経験OK                                     女性活躍                                     禁煙・分煙                                     土日祝休                                     駅チカ                                     服装自由                                     週休2日                 ,人気,9日前,,,
                     ホールスタッフ／やよい軒 金沢駅西店                 ,https://xn--pckua2a7gp15o89zb.com/jb/e168bf50653fd4cae1acfec537c71207,株式会社プレナス,                     金沢市 駅西新町 / 磯部駅 徒歩18分                                    ,"時給1,150円～1,438円 / 交通費支給",アルバイト・パート,                    未経験OK                                     ミドル・シニア                                     食事補助                                     社保完備                                     WワークOK                                     シフト制                                     車通勤OK                 ,人気,8日前,,,
                     499tの船を操る 総合職 機関士・航海士 月給40万以上可                 ,https://xn--pckua2a7gp15o89zb.com/jb/0b601bc854c72625134f34df8e0a4966,愛鷹海運株式会社,                     石川県 金沢市                                    ,月給38万円～ / 賞与あり・昇給あり,正社員,                    ブランクOK                                     学歴不問                                     資格取得支援                                     UIターン                                     社保完備                                     交代・交替制                                     食事補助                 ,人気,14日以上前,,,
                     防火シャッターの 点検管理スタッフ 年間休日125日                 ,https://xn--pckua2a7gp15o89zb.com/jb/d2e87284cf4d6030deb5992e3459ace7,文化シヤッターサービス株式会社,                     石川県 金沢市                                    ,"月給19万300円～26万6,750円 / 賞与あり・昇給あり",正社員,                    未経験OK                                     女性活躍                                     AT限定可                                     車通勤OK                                     時短OK                                     家族手当                                     UIターン                 ,人気,9日前,,,
                     時給大幅アップ!／石川県金沢市のホテルのレストラン&バーの接客サービス                 ,https://xn--pckua2a7gp15o89zb.com/jb/cfb8b2eec7013f274b22edebacba3498,株式会社ホテル金沢,                     金沢市 堀川新町                                    ,"時給1,350円～1,600円 / 交通費支給",アルバイト・パート,                    未経験OK                                     学歴不問                                     フリーター歓迎                                     履歴書不要                                     駅チカ                                     学生歓迎                                     経験者優遇                 ,人気,9日前,,,
電気工事の経験者募集中!／太陽光や蓄電池等の工事作業スタッフ,https://xn--pckua2a7gp15o89zb.com/rd/?uaid=l4ef9871ea3c73efd8f9a117ad04ffb62&p=t%2BAK7k0GmMUr0ZRss/MBm/Ryhon39UejBnsconiJVacciASSuMaR/dbQLhFU14bqyaOyxRXxwB2JLVJDCidid1YtZ3Bbe2u8p1GqFeRxtPNbhVrK6uXY%2BWCDIvTLN3YUXT7P3mkCZEvlhbw2u87O8GfW8jL%2BtXnrHlb7Qha6SS/pm916/Komd9trD4CAyUh5UVbbeI1FLgRPHOUPgv19oQ3EvrnkX/lXdJOlC%2BdguPO0XbyT2TF24wxVY2vHo6LuhzPrLELBo1vayaI7gNIJEP2Naswl/7bGF/DTXy/%2BHxaBPyxj5x3Qc5kKOHrtfNSPt/XmXwDudYnQAG4v%2B8Vb8pcEC2PUX4/stvqXM157If4/FTvdSQuru8SE0FuBpRnh54i10dNbohGfFCfOiyMwKArQHEp6W9J%2BUniM/g9W7sSS5%2BEnNDdT3/h5eb/CVwgh88AD4cgqZ80Ll7y1kTkT/1G6AXuMzq2keZR/KCzZ5SryIY2inpeLf2Ev7ecGsbaIV0kCe1P50wPo4DwnfYW6nQ4gDnTulTpVz98UHTKg0iA%3D&ph=8a9cfacf6d36&phv=1,株式会社日光,                     石川県 金沢市 上荒屋                                    ,月給35万円～70万円 / 賞与あり・昇給あり,正社員,                    ミドル・シニア                                     経験者歓迎                                     オープニング                                     週休2日                                     残業少                                     資格取得支援                                     駐車場あり                 ,人気,14日以上前,かんたん応募,,
                     cosme STOREの 美容部員 研修充実 完全週休2日 年休124日                 ,https://xn--pckua2a7gp15o89zb.com/jb/e7f15388a73d132e15332dd9b0efc086,株式会社アイスタイルリテール,                     石川県 金沢市 / 金沢フォーラス                                    ,"月給23万1,000円～31万円 / 昇給あり",正社員,                    未経験OK                                     服装自由                                     オープニング                                     研修あり                                     経験者優遇                                     残業月～30時間                                     資格取得支援                 ,人気,9日前,,,
電気工事の経験者募集中!／太陽光や蓄電池等の工事作業スタッフ,https://xn--pckua2a7gp15o89zb.com/rd/?uaid=l4ef9871ea3c73efd8f9a117ad04ffb62&p=t%2BAK7k0GmMUr0ZRss/MBm/ZxtPshCzWVnWmLIKHIzdgilauLJbo7GA%2BuV057CkXeyVqyQDa1c1QOUtED4pAD3A/PRXX0j1EvMIxYtrtJfJtSYDoePSJpEs0fC4MV9zrbipUbZRdFt19vBBtuq3ustHMtRZ7iFhPhaB3viMitjnJQ3um3ei2oZ0eSLL2gva2ArmrqYgEeW3EH8%2BsI1TDc2vVgtHJqy88BRkTjXoV4g42FhTvG%2BfC4Z7YuTf69ETIQDDplwLExZ6IbomuEN02AkCRNifsiQ5ije4scwzJ7v88JJ5Iqm7qUIhbAmu1Yzxu7pziej14g1mDEnJDIQIavz3pCXxhFNxKZf%2BmsR5oGavFqS/Iss9a/SLMTb84ZMxW3%2BaLkvYChve6sfZc59tkpEeFLwsY7/IwkKnoGf0H/MTEOrttjp3JE%2BcGZ2Kp4urjTj0oxvvTmz6ln1lFKKEmQzX6c5ZcahlvPnRjqyMfdoNpMMwPFcpErU9kjlWQisdv9NcJgnzvVRtOAuGH7AJhVUdMbjvi0S8bYACVIFCSCTFc%3D&ph=ee273996747e&phv=1,株式会社日光,                     石川県 金沢市 上荒屋                                    ,月給35万円～70万円 / 賞与あり・昇給あり,正社員,                    ミドル・シニア                                     経験者歓迎                                     オープニング                                     週休2日                                     残業少                                     資格取得支援                                     駐車場あり                 ,人気,14日以上前,かんたん応募,,
病院や介護施設のカーテン交換スタッフ／土日祝休み,https://xn--pckua2a7gp15o89zb.com/rd/?uaid=lf24ac64afd14308bebd07f3c2a268de7&p=t%2BAK7k0GmMUr0ZRss/MBmzoV1fO569I/Y29iuYW4ll7Kx%2BzPQ5b2R20J1VywADPviZ/%2BXWDm5i/0JlR9Qmhezg/PRXX0j1EvMIxYtrtJfJshbjRBFcuYZ5FniR4McUTZipUbZRdFt19vBBtuq3ustHMtRZ7iFhPhaB3viMitjnJQ3um3ei2oZ0eSLL2gva2ArmrqYgEeW3EH8%2BsI1TDc2vVgtHJqy88BRkTjXoV4g42FhTvG%2BfC4Z7YuTf69ETIQDDplwLExZ6IbomuEN02AkCRNifsiQ5ije4scwzJ7v8/o%2BO12WFNzFuDgSj0Z1UXCEetW/pRvJEkPvNCh6d9vSnpCXxhFNxKZf%2BmsR5oGavFqS/Iss9a/SLMTb84ZMxW3%2BaLkvYChve6sfZc59tkpERkIdGFqxWI46lCW4S7wJqJaycTntBdjvVuIs6LQJmXoAMng84uLgss9FVKhB0Abcp/WiA4Ne38I%2B1AiUnwupQaW/PwU3Dry9ywZRriqBImgLTgtbLGzKXBXhaQlDTII1Q%3D%3D&ph=839ee8d80e57&phv=1,キングラン中部株式会社,                     石川県 金沢市 河原市町                                    ,月給19万円 / 賞与あり・昇給あり,正社員,                    未経験OK                                     車通勤OK                                     AT限定可                                     土日祝休                                     産休・育休                                     体を動かす                                     即日勤務                 ,,6日前,かんたん応募,,
食品工場の製造スタッフ,https://xn--pckua2a7gp15o89zb.com/rd/?uaid=l3a124314cac3eea6b6dce1e8c799c8b4&p=t%2BAK7k0GmMUr0ZRss/MBm8Cq0OCs%2BUZ4MZaKaOO/r1/ha4cZy/BlGyVoLpjHwi3x50AU71PjasApr7W1Ol2Lfg/PRXX0j1EvMIxYtrtJfJt8OFs9MJoAC2E1e3EaMERNipUbZRdFt19vBBtuq3ustHMtRZ7iFhPhaB3viMitjnJQ3um3ei2oZ0eSLL2gva2ArmrqYgEeW3EH8%2BsI1TDc2vVgtHJqy88BRkTjXoV4g42FhTvG%2BfC4Z7YuTf69ETIQDDplwLExZ6IbomuEN02AkCRNifsiQ5ije4scwzJ7v88y6XpkSjvcev8l8bRxWz8oqOHMDxgr02OwqNj5mh9JvHpCXxhFNxKZf%2BmsR5oGavFqS/Iss9a/SLMTb84ZMxW3%2BaLkvYChve6sfZc59tkpEVx5AkEyd6DetBOKmPgWRwuz1IYdUUBFXyVViK16j6m6bpFgfC27LBlPj%2B3NR1/T6LwRyn2ibm6r4bXBQX4OUJj2BCGFfC4wTCrZudhJrHD2G51GReqgXhtb6vbEnDQVKPK0LqFRE4PgQtaELpc0b1Y%3D&ph=ae38296bfc57&phv=1,笠井食品株式会社,                     石川県 金沢市 米泉町                                    ,月給20万円～27万円 / 賞与あり・昇給あり,正社員,                    未経験OK                                     学歴不問                                     交通費                                     男性活躍                                     ノルマなし                                     駅チカ                                     急募                 ,,2日前,かんたん応募,,
                     高速道路料金システムの 設備管理 賞与5か月分 社宅あり                 ,https://xn--pckua2a7gp15o89zb.com/jb/eb6794b470912698c87def9a5f3a20ba,高速道路トールテクノロジー株式会社,                     石川県 金沢市                                    ,"月給19万1,700円～ / 賞与あり・昇給あり",正社員,                    未経験OK                                     女性活躍                                     残業月～30時間                                     第二新卒                                     車通勤OK                                     週休2日                                     残業少                 ,人気,13日前,,,
                     ハローワーク 清掃スタッフ／金沢公共職業安定所                 ,https://xn--pckua2a7gp15o89zb.com/jb/adfd357cc61b729c411cb7a55864dd8e,太平ビルサービス株式会社,                     金沢市 鳴和                                    ,"時給1,150円～1,300円",アルバイト・パート,                    未経験OK                                     女性活躍                                     バイクOK                                     主婦・主夫                                     土日祝休                                     シフト制                                     扶養内OK                 ,人気,14日以上前,,,
商業施設の冷凍冷蔵設備メンテナンス,https://xn--pckua2a7gp15o89zb.com/rd/?uaid=l8aebb97e60541555170b15f25d162854&p=t%2BAK7k0GmMUr0ZRss/MBm7P%2B%2Bh4%2BqGvb1C4Y9zIdhvtkChW32mzUZbJYRIhmwtMkQw4xCyMUufDvrtmLePo5/w/PRXX0j1EvMIxYtrtJfJsjjsgWqg7L2zNL4osmm4OXipUbZRdFt19vBBtuq3ustHMtRZ7iFhPhaB3viMitjnJQ3um3ei2oZ0eSLL2gva2ArmrqYgEeW3EH8%2BsI1TDc2vVgtHJqy88BRkTjXoV4g42FhTvG%2BfC4Z7YuTf69ETIQDDplwLExZ6IbomuEN02AkCRNifsiQ5ije4scwzJ7v89OX3JN7pbzw9cbCOcRx63HDIqZcJNERoYvcHwcOznuDXpCXxhFNxKZf%2BmsR5oGavFqS/Iss9a/SLMTb84ZMxW3%2BaLkvYChve6sfZc59tkpEXhnGIsMCwl4ntyzXUdBfol59WYwnqVIIcFd4A/41DUiV76thPU2hx209%2BpkhLHYUJdvQGlm4NQuiOsuZWJDveMWouv5d0mZom8XRsViggSq%2BDZfcyy5dSAdeolrSIgdAJZp32VLaaIu0gAP58XXN0I%3D&ph=3edddb6d4d0e&phv=1,株式会社エムエス,                     石川県 金沢市 金沢駅                                    ,月給26万円～45万円 / 賞与あり・昇給あり,正社員,                    女性活躍                                     学歴不問                                     資格取得支援                                     制服あり                                     交通費                                     社保完備                                     UIターン                 ,人気,14日以上前,かんたん応募,,
金沢／面接1回／分譲住宅の開発企画 企画にチャレンジしたい方へ／手当充実／固定給で安定して稼げる,https://xn--pckua2a7gp15o89zb.com/rd/?uaid=lade014b0dcf92799f36b7dba7ee86c1c&p=t%2BAK7k0GmMUr0ZRss/MBmy4VIAH/PThtpcTGixKKNB81oFyKJBBLsAqRZIB/8vSB4OagzFNcGGVaE6SL0gt3hfxwSAMo8oOVg36t6uhbe1yB4EnOb/PubiD840BJtlMl79N%2BsoBQkkcIMNYBNMcl4NDX2Z2UWCINE5Kco2TOhtM375rPVCdWqzS4b4%2B88cfJGgn9NDQxqf3tHfyL%2B0GJuzNSUm1KNqN/VkllCeDUvba2lo5abI22yMtIipbAR7F2HKeFWMtFgh3onzB4J2KWHSzRWweMF4ahieCoh3JCg5/RK7KVNLqigiqZggBDIVXioq1ef9A7aQXYRAEVcryDZlRDWpeqnJ9GcsYlJ48UuHb4Nrq0UUJZN8OBqqsLZze97mrlwSsvKQCMnwCLGPhG/H7YSQQ1jUY1xWxICNaFdJNTjxFjrIFPXE7GLLRshlzn&ph=c822ab78aeb3&phv=1,株式会社アーネストワン,                     石川県 金沢市 西念                                    ,年収550万円～700万円 / 賞与あり・昇給あり,正社員,                    固定給                                     特別休暇                                     禁煙・分煙                                     週休2日                 ,,7日前,,,
営業・販売／サービス関連 未経験でも大丈夫 ピタッと18時まで 出荷作業など 大手・上場企業,https://xn--pckua2a7gp15o89zb.com/rd/?uaid=l918d27b07f0555cc16496053ecee7fad&p=t%2BAK7k0GmMUr0ZRss/MBmwWN%2BclQ%2Bxcj%2BzkY78BBUQbMUNR7/0Mtgbs%2BatXMcjOPnkLj4ynaW/tfUKCasQSX6vxwSAMo8oOVg36t6uhbe1yyRtlCC4GTMFijOcDKR7s779N%2BsoBQkkcIMNYBNMcl4NDX2Z2UWCINE5Kco2TOhtM375rPVCdWqzS4b4%2B88cfJGgn9NDQxqf3tHfyL%2B0GJuzNSUm1KNqN/VkllCeDUvba2lo5abI22yMtIipbAR7F2HKeFWMtFgh3onzB4J2KWHSzRWweMF4ahieCoh3JCg583b71m0IW9yn1L/zLez9lfoq1ef9A7aQXYRAEVcryDZqjEYnQ4WSU5OKk9yFHRLo%2BakPcx7aYF2/vQBVk3wnevmWjmGeCfIcz7RoA3c9qiP9KE7WH2ZziA943aCA651hoOj9RBPp/8wI8i0FAnhr6N62CougoyphKtsZUd7MAuWNfXDyYejca0KRSpvd3ZvYPKlt4qLyC3QkbjgInVlBJ8&ph=7b2875b73c8d&phv=1,株式会社スタッフサービス,                     石川県 金沢市                                    ,"時給1,300円 / 交通費支給",派遣社員,                    未経験OK                                     資格取得支援                                     禁煙・分煙                                     土日祝休                                     ミドル・シニア                                     駐車場あり                                     研修あり                 ,,14日以上前,,,
入社時と在籍1年で祝い金あり!負担少なく働ける建物鉄骨の組立スタッフ,https://xn--pckua2a7gp15o89zb.com/rd/?uaid=lcc3e6d545452356aa02a7726656e24e4&p=t%2BAK7k0GmMUr0ZRss/MBm32gAx1T1bQ2UBPsLA7NEPDbj7C2blayN5mAHQjnG1%2BUx5vrtP%2BsGV6TNf3UHAUvmA/PRXX0j1EvMIxYtrtJfJsMDHNhr8RkP6qSnkCxa28kipUbZRdFt19vBBtuq3ustHMtRZ7iFhPhaB3viMitjnJQ3um3ei2oZ0eSLL2gva2ArmrqYgEeW3EH8%2BsI1TDc2vVgtHJqy88BRkTjXoV4g42FhTvG%2BfC4Z7YuTf69ETIQDDplwLExZ6IbomuEN02AkCRNifsiQ5ije4scwzJ7v8/TFcGwy6xY/Zd2luqmxYyqtqDJ4V2V9xcFiVc5IaytZHpCXxhFNxKZf%2BmsR5oGavFqS/Iss9a/SLMTb84ZMxW3%2BaLkvYChve6sfZc59tkpEZ0%2BFGH7YoszXqxn/7idoXbHDrK0sx99JbSLFDlVY5PNU52l62jWJrNrQ%2BfCV%2BREGK8txSXTvZigQTZiRU3Mr%2BJ%2BnOWXGoZbz50Y6sjH3aDactxbRYrK2fYAunNXEB2XboyzzblnQL8IRsLfM3VsMnuIQvIAuJ%2B5Sq8qlXoPzHTL&ph=7320c2e1dc02&phv=1,株式会社ASKTrust,                     石川県 金沢市 森戸                                    ,月給24万円～48万円 / 賞与あり・昇給あり,正社員,                    未経験OK                                     服装自由                                     若手活躍                                     土日祝休                                     交通費                                     禁煙・分煙                                     髪型・髪色自由                 ,人気,14日以上前,かんたん応募,,
法人営業／⼟⽇祝休み／残業少なめ,https://xn--pckua2a7gp15o89zb.com/rd/?uaid=l2078fa15bc3742ac0f0488fc96a3d73b&p=t%2BAK7k0GmMUr0ZRss/MBm4Yynt/OdJBBHsyR5GPK%2BpbS3cMv%2BUo4xRtTJ4T9X6gHGH7ERWMGMVadpAOWv7Rqfw/PRXX0j1EvMIxYtrtJfJt/H62xMwi90xWl95AMoKJOipUbZRdFt19vBBtuq3ustHMtRZ7iFhPhaB3viMitjnJQ3um3ei2oZ0eSLL2gva2ArmrqYgEeW3EH8%2BsI1TDc2vVgtHJqy88BRkTjXoV4g42FhTvG%2BfC4Z7YuTf69ETIQDDplwLExZ6IbomuEN02AkCRNifsiQ5ije4scwzJ7v8//%2Bhu6kLgb37gDM/m8uGJ5kluA4vjnghDy2ON30VM6wnpCXxhFNxKZf%2BmsR5oGavFqS/Iss9a/SLMTb84ZMxW3%2BaLkvYChve6sfZc59tkpEbcx%2B07JOkSl7zVk0Lg1yeR/oxO%2BWEamuxjT8b2eXU9pzi8KxEZ3yUs7rfiu52wuDcvwRZu4Fxu6VDUM7IGk/4SogkI/bU2dact/Uc9IJ3UJ8rQuoVETg%2BBC1oQulzRvVg%3D%3D&ph=48a0808a704f&phv=1,北日本クラリオン株式会社,                     石川県 金沢市 浅野本町                                    ,月給20万円～23万円 / 賞与あり・昇給あり,正社員,                    未経験OK                                     交通費                                     EXCEL                                     ノルマなし                                     転勤なし                                     残業少                                     AT限定可                 ,,6日前,かんたん応募,,
「公式」介護事務・医療事務,https://xn--pckua2a7gp15o89zb.com/rd/?uaid=1236372e8d211077dd07441b3fe5bb95&p=t%2BAK7k0GmMUr0ZRss/MBm7QBCTn4jrDiaJz7bi5W3ofZOeKhnHH7QI117bHSsbAh%2B55wXptirou8Gb4l2WlWNQ/PRXX0j1EvMIxYtrtJfJtDP8wZyEABmN77DP4v0Yf9ipUbZRdFt19vBBtuq3ustHMtRZ7iFhPhaB3viMitjnJQ3um3ei2oZ0eSLL2gva2ArmrqYgEeW3EH8%2BsI1TDc2vVgtHJqy88BRkTjXoV4g42FhTvG%2BfC4Z7YuTf69ETIQjAl22JGnDmX9hSAF/hwEbDLKg05/T1MOOt/FfzMx2QwkRjRQQB/OLd5/Td8G9aU5eJsPX9gAJkrTUXweuuLrd3pCXxhFNxKZf%2BmsR5oGavFqS/Iss9a/SLMTb84ZMxW3%2BaLkvYChve6sfZc59tkpEWKtqmETgm%2BQ%2BfIgs/K2QN%2BvaRjl01rE0nm/Jjs2Uar4Pg7nBnM%2BZOEpghsnvPZEYxYapGUastyrNj85Kd6Hr3qysonZYjpEBdkjJ5JkI%2Bae&ph=c7390f307f77&phv=1,PDハウス小坂,                     石川県 金沢市 小坂町                                    ,月給18万円～ / 賞与あり,正社員,                    未経験OK                                     ブランクOK                                     禁煙・分煙                                     主婦・主夫                                     土日祝休                                     経験者歓迎                                     オープニング                 ,人気,14日以上前,かんたん応募,,
一般事務,https://xn--pckua2a7gp15o89zb.com/rd/?uaid=l4016725742ab40f603fd37515d0be30a&p=t%2BAK7k0GmMUr0ZRss/MBmzfGnmJx7fNapmBGllNOQuAjEoprm4647xLsylCpo8X7JGExzO4rhOOHGL7pls5wcg/PRXX0j1EvMIxYtrtJfJtoSnkRNtmLEA8XAz2PDoZRipUbZRdFt19vBBtuq3ustHMtRZ7iFhPhaB3viMitjnJQ3um3ei2oZ0eSLL2gva2ArmrqYgEeW3EH8%2BsI1TDc2vVgtHJqy88BRkTjXoV4g42FhTvG%2BfC4Z7YuTf69ETIQDDplwLExZ6IbomuEN02AkCRNifsiQ5ije4scwzJ7v8%2Bjz3kgb4sXgF9/fe%2B%2B%2Bs1myoxF6NZ8Ao8d5A9DOEl0r4GgdrO7OjYqvB7FJ8BikU73vKbdUbtVNLRPnO6EJq7DD0UPTvJTKQ1AbtNnyqDfs1l%2BvX5hR/UZYs9CrjPj1tDfJ8VmibWYde8jSiFacNyZIT/zPW3nVEgiPs3hILEzg69pGOXTWsTSeb8mOzZRqvhWpPJiknWp4DcWidXQtPl74ORZ1sKZ%2B4YmlcTF0gWN%2BQ%3D%3D&ph=714072684408&phv=1,社会福祉法人聖霊病院 金沢聖霊病院,                     石川県 金沢市 長町                                    ,月給17万560円～20万円 / 賞与あり・昇給あり,正社員,                    未経験OK                                     学歴不問                                     履歴書不要                                     交通費                                     禁煙・分煙                                     車通勤OK                                     駐車場あり                 ,人気,14日以上前,かんたん応募,,
                     音声の文字起こし!単発1日～OK!日払いで即金GET!オフィスワークデビュー大歓迎!面接&履歴書不要                 ,https://xn--pckua2a7gp15o89zb.com/jb/24dd1bc3c1946fc99fabf108faa00034,シェアフル,                     金沢市 西金沢駅                                    ,日給1万円～,アルバイト・パート,                    未経験OK                                     日払いOK                                     即日勤務                                     初バイト                                     短期・単発                                     友達応募OK                                     履歴書不要                 ,人気,14日以上前,かんたん応募,,
未経験歓迎「キャリアコンシェルジュ」人材紹介／休日123日／転勤無しも選択可能,https://xn--pckua2a7gp15o89zb.com/rd/?uaid=l5761ed03fb76dfb47694db00b678952e&p=t%2BAK7k0GmMUr0ZRss/MBm3I44/qD7mFRQEKMb010I%2BPv6xfRtzfAHoVZ%2BkO4hAnHVH41jP1IhOODYTNNaX5Q5F9xPbpC12VHvdLI12/dTxv5n5JcUE/Wz5Xr0/xvzK3QXeEi/9bJ4CtFCaHjw46MY9DT0fzuEuBxXTpuI/MZKucjnnyMhe3zo3fGWwbN/t7NppPTgFlZCUYvgHUEEBJTCxhcFRcizxM3B1aLRezF9rtQYKblYDpixejT2QdkQjJSyXJaiPl/q7vGVGiEEIX8bWjRpYVq/BS3BGd7yPRPKiH%2BNtwOTXPUI/q3PsDjN6gK9QaaXuBXMnpXqO8jcIc9TSIVL37tAFm3nzF5e75r%2BhI3b71m0IW9yn1L/zLez9lfoq1ef9A7aQXYRAEVcryDZhYXzF38LpVY6SMevVxXwDucF26et7Wam6Ebr8Ruv6AmD68tFZMD8ueGydiWSRw7fmXZCm/1asW/kfiFadRM22rhBlTrl9U2z0%2BljiOdqPm8eu09aXuo9v9xJJeJKPBP6Q%3D%3D&ph=013ca915f601&phv=1,株式会社ワークポート,                     石川県 金沢市 広岡                                    ,月給26万円 / 賞与あり・昇給あり,正社員,                    未経験OK                                     駅チカ                                     インセンティブ                                     産休・育休                                     社保完備                                     転勤なし                                     禁煙・分煙                 ,人気,14日以上前,かんたん応募＆選考サポート,,
事務スタッフ／買取の専門知識一切不要!／簡単なデータ入力、商品発送作業など,https://xn--pckua2a7gp15o89zb.com/rd/?uaid=ldf9b2539ebe2a2bd04888a813e68c0b4&p=t%2BAK7k0GmMUr0ZRss/MBmxiwqOFUCMfgBZP0CYcSTY7GyhkcBuOOAjLWTpbM7nLVGO6ThK25f1qPYV/6XMchffxwSAMo8oOVg36t6uhbe1yJiIIp24vuH2SSU3j2hHQj79N%2BsoBQkkcIMNYBNMcl4NDX2Z2UWCINE5Kco2TOhtM375rPVCdWqzS4b4%2B88cfJGgn9NDQxqf3tHfyL%2B0GJu3klGcwmtsGxhcD2TP9kcri2lo5abI22yMtIipbAR7F2HKeFWMtFgh3onzB4J2KWHSzRWweMF4ahieCoh3JCg583b71m0IW9yn1L/zLez9lfoq1ef9A7aQXYRAEVcryDZjGurZ8NZSBXkbo6iX7Auj9ubB1DLDXvTfPH7ea2BZBgkVz%2BOq7Z2fYoCH33pLAbmksVWdK7NztyHm90EOy7dLPuauXBKy8pAIyfAIsY%2BEb8XYXvlYZNk5MxH0EMy2fE4jFN2BM9F/ZR8EKK4wWLE3s26nDk2S0Z2GMdVw69FGXW&ph=f0cc2b5cbc43&phv=1,株式会社アンビション,                     石川県 金沢市 高畠                                    ,"月給22万5,000円～ / 賞与あり・昇給あり",正社員,                    未経験OK                                     服装自由                                     研修あり                                     簿記                                     長期休暇                                     ネイルOK                                     週休2日                 ,,8日前,,,
                     地域限定 買取専門ショップの査定スタッフ                 ,https://xn--pckua2a7gp15o89zb.com/jb/75c04ab9ebdd1cd185a893447acb3c0d,モノ・ループ株式会社,                     野々市市 白山町 / 馬替駅 徒歩20分                                    ,月給28万円 / 昇給あり,正社員,                    未経験OK                                     UIターン                                     転勤なし                                     車通勤OK                                     シフト制                                     禁煙・分煙                                     AT限定可                 ,,14日以上前,,,
                     牛丼チェーンすき家の店舗スタッフ／深夜                 ,https://xn--pckua2a7gp15o89zb.com/jb/e8ca95199bd8161bf851352308ba0799,株式会社すき家,                     石川県 金沢市                                    ,月給27万円～ / 賞与あり・昇給あり,契約社員,                    未経験OK                                     女性活躍                                     制服あり                                     禁煙・分煙                                     産休・育休                                     男性活躍                                     シフト制                 ,人気,14日以上前,,,
未経験歓迎「総合職」人材紹介／休日123日／転勤無しも選択可能／全国47都道府県に展開,https://xn--pckua2a7gp15o89zb.com/rd/?uaid=l66a8fd4f9bfe11fc577641c43fdac255&p=t%2BAK7k0GmMUr0ZRss/MBm2gWTvg42GPIi/KXur%2BD5Th8RvxPll62zqk7kSo6jpHNKt6TM9m5GhzXLjM2HJ%2BZpF9xPbpC12VHvdLI12/dTxv5n5JcUE/Wz5Xr0/xvzK3QXeEi/9bJ4CtFCaHjw46MY9DT0fzuEuBxXTpuI/MZKucjnnyMhe3zo3fGWwbN/t7NppPTgFlZCUYvgHUEEBJTCxhcFRcizxM3B1aLRezF9rtQYKblYDpixejT2QdkQjJSyXJaiPl/q7vGVGiEEIX8bWjRpYVq/BS3BGd7yPRPKiH%2BNtwOTXPUI/q3PsDjN6gK9QaaXuBXMnpXqO8jcIc9TfofcVBmnkLK/AQEIMUPDs83b71m0IW9yn1L/zLez9lfoq1ef9A7aQXYRAEVcryDZhYXzF38LpVY6SMevVxXwDtvxAHfd1BTv7TITft4IANuD68tFZMD8ueGydiWSRw7frKEvD3aOgYrRi3ZBMrQx3lLzi89GrlKwYxjQTzpz40hypbeKi8gt0JG44CJ1ZQSfA%3D%3D&ph=0045c9ce15fd&phv=1,株式会社ワークポート,                     石川県 金沢市 広岡                                    ,月給26万円 / 賞与あり・昇給あり,正社員,                    未経験OK                                     駅チカ                                     産休・育休                                     インセンティブ                                     転勤なし                                     禁煙・分煙                                     社保完備                 ,人気,14日以上前,かんたん応募＆選考サポート,,
                     環境衛生を支える 品質管理 転勤なし 未経験OK 年休126日以上                 ,https://xn--pckua2a7gp15o89zb.com/jb/93e4a512ddfdbef2fe4f588147e032fb,イカリ消毒株式会社,                     石川県 金沢市                                    ,月給23万円～33万円 / 賞与あり・昇給あり,正社員,                    未経験OK                                     学歴不問                                     3年連続成長                                     土日祝休                                     週休2日                                     資格取得支援                                     第二新卒                 ,人気,14日以上前,,,
                     発注者として活躍するチャンス 土木・環境系総合職                 ,https://xn--pckua2a7gp15o89zb.com/jb/d39399f6657da2cc4f5c8ac24dba58f3,中日本高速道路株式会社,                     金沢市 神野町                                    ,月給25万円～ / 賞与あり・昇給あり,正社員,                    未経験OK                                     女性活躍                                     産休・育休                                     特別休暇                                     車通勤OK                                     資格取得支援                                     資格手当                 ,人気,14日以上前,,,
税務・税理士／育休・産休実績あり／資格取得支援制度／退職金制度あり／車通勤可／研修充実,https://xn--pckua2a7gp15o89zb.com/rd/?uaid=l4e858028dec10cde200d1a3d210cae82&p=t%2BAK7k0GmMUr0ZRss/MBmyq/PCjKOUGYHIdEwq/cbR6BH5EtGC8OFAsy1jnKSaIuRcau2EedrgXgiww75aELvA/PRXX0j1EvMIxYtrtJfJvGqwp79lOCSR1V/K1Nq5OMipUbZRdFt19vBBtuq3ustHMtRZ7iFhPhaB3viMitjnJQ3um3ei2oZ0eSLL2gva2ArmrqYgEeW3EH8%2BsI1TDc2vVgtHJqy88BRkTjXoV4g42FhTvG%2BfC4Z7YuTf69ETIQDDplwLExZ6IbomuEN02AkMuV7Wm9wrxim9MPKRc5TfaoO%2B80r4P1RzD27SRYgxcKvAf5j9fKnAVDKsgDz%2BGA%2BXpCXxhFNxKZf%2BmsR5oGavFau81GRk3qZIPG3YR6C4y/%2BaLkvYChve6sfZc59tkpEV2fiPjuPRMS1bJH70QbwTqRKXc/Ls3Zdc3VCByS7X37NfQRkXPzunq4HqGnpJBeYQ%2BvLRWTA/LnhsnYlkkcO35MuFrvq7imYCjZ7lzQQKngCgkSKE2kzbCbGr3zIlEARPcnjJyyayd2qM8zW2gw%2B9M%3D&ph=489501ac839b&phv=1,株式会社サクセスブレイン／税理士法人サクセスブレ...,                     石川県 金沢市                                    ,年収300万円～450万円 / 昇給あり,正社員,                    女性活躍                                     学歴不問                                     税理士                                     年休120日～                                     車通勤OK                                     資格取得支援                                     研修あり                 ,,14日以上前,,,
                     ホームセンター資材館の早朝レジスタッフ／ホームセンタームサシ 金沢南店                 ,https://xn--pckua2a7gp15o89zb.com/jb/345a607fda65fc74624681218fe30e59,アークランズ株式会社,                     野々市市 新庄 / 四十万駅 徒歩15分                                    ,"時給1,200円～1,300円 / 交通費支給",アルバイト・パート,                    未経験OK                                     扶養内OK                                     早朝                                     制服あり                                     社保完備                                     禁煙・分煙                                     昇給あり                 ,人気,7日前,,,
美容カウンセラー／未経験歓迎／残業平均3H,https://xn--pckua2a7gp15o89zb.com/rd/?uaid=3e13d3027c002a20cedac40538d13985&p=t%2BAK7k0GmMUr0ZRss/MBm%2Be3MIcMBWXs5YtdE0qSjO1OS2Hbh0SMhMr4d9f88Jav2PaWEn6dUqKnVXGk9uhUhw%2Bf6DkuB%2BuBT466X1tsR7O/3oHsqLXQOVSdqNllzhFMipUbZRdFt19vBBtuq3ustHMtRZ7iFhPhaB3viMitjnJQ3um3ei2oZ0eSLL2gva2ArmrqYgEeW3EH8%2BsI1TDc2vVgtHJqy88BRkTjXoV4g42FhTvG%2BfC4Z7YuTf69ETIQjAl22JGnDmX9hSAF/hwEbDLKg05/T1MOOt/FfzMx2QwrB6QmOijW9GOWdvLdJfjUuVsj/qbhPxzncNKDyUNGxHOb341e2RTVjQgUG/1axYsbhS4nF4caoVPxNtpOre3ccQa%2B9Jqf2oy4aM4fcFebsZXntVnBtxIt7ZnyCGlbtaUR0rErgqWppXNXkor3/xthMxTaUIzv7XU/iAvSqzwU6rITI8GOzdJNHGgzysa0Iuc%3D&ph=41f8760f4dae&phv=1,TCB金沢院,                     石川県 金沢市 堀川町 / 金沢駅 徒歩5分                                    ,月給28万円～ / 賞与あり・昇給あり,正社員,                    未経験OK                                     服装自由                                     フリーター歓迎                                     禁煙・分煙                                     ネイル・ピアスOK                                     ブランクOK                                     車通勤OK                 ,,14日以上前,かんたん応募,,
チラシ配り・PRスタッフ／中高年活躍中／短時間・土日祝休み／扶養内OK,https://xn--pckua2a7gp15o89zb.com/rd/?uaid=l417317bbaa802f8ed62e8415c94d8b7b&p=t%2BAK7k0GmMUr0ZRss/MBm2nWhYESseQPqssHEwcSYBZd/jWGd%2BT8svIiLc4ndWuYHyT8t7bkA3KN%2BpMDW51rzA%2Bf6DkuB%2BuBT466X1tsR7Oq2F/BW%2BZUeV6UhD8/zYVpipUbZRdFt19vBBtuq3ustHMtRZ7iFhPhaB3viMitjnJQ3um3ei2oZ0eSLL2gva2ArmrqYgEeW3EH8%2BsI1TDc2vVgtHJqy88BRkTjXoV4g42FhTvG%2BfC4Z7YuTf69ETIQDDplwLExZ6IbomuEN02AkCRNifsiQ5ije4scwzJ7v882OtXOlx5ykyQcEWdj6hZ4EetW/pRvJEkPvNCh6d9vSnpCXxhFNxKZf%2BmsR5oGavFqS/Iss9a/SLMTb84ZMxW3%2BaLkvYChve6sfZc59tkpEQGRFcmOHjUg8XGL7LHfpaeS7EKSoXg43FSDlQaYpsX%2BF1CYHD500l89g6ld4x%2BlZjEvDZaGRYMyVtodYQzcSU0Oj9RBPp/8wI8i0FAnhr6N/X6qOYpLvLZlFJ4QKKbF8JzgB20jQLCLrZ7lVAJbiOnytC6hUROD4ELWhC6XNG9W&ph=2f36db17f674&phv=1,株式会社サンレー,                     石川県 金沢市 北安江                                    ,"時給1,100円 / 交通費支給",アルバイト・パート,                    未経験OK                                     学歴不問                                     フリーター歓迎                                     研修あり                                     土日祝休                                     職場見学                                     駅チカ                 ,,2日前,かんたん応募,,
生活支援員／障がい者・障がい児支援施設／週3日～OK／日勤のみ,https://xn--pckua2a7gp15o89zb.com/rd/?uaid=l66a17ef6016401e8b93963d90cb5ff7b&p=t%2BAK7k0GmMUr0ZRss/MBm4hW8EOg7Micd/UZJfThJ/zflSDzqTP9ij/ePIUiHMrIAYTzpG9vy%2Bqlemsrywjg6Q%2Bf6DkuB%2BuBT466X1tsR7NdIzOV0YJKYzB8OOtqNmM6ipUbZRdFt19vBBtuq3ustHMtRZ7iFhPhaB3viMitjnJQ3um3ei2oZ0eSLL2gva2ArmrqYgEeW3EH8%2BsI1TDc2vVgtHJqy88BRkTjXoV4g42FhTvG%2BfC4Z7YuTf69ETIQDDplwLExZ6IbomuEN02AkMuV7Wm9wrxim9MPKRc5TfYkRjRQQB/OLd5/Td8G9aU5xHu4K8zq%2BKHHqx/NRF6nTnOb341e2RTVjQgUG/1axYuyEVtXmu%2BULIdjIMbLWKEqcQa%2B9Jqf2oy4aM4fcFebsabLAWn8GueReU16V0HwClTfPfFgWGFv97tLWBIcJVM/BNMw8dUKgQeZKTdBEEJ878HCxTcLKyoa/aEFd3MPqmOoHAyN5IQTixSDc5bciDdZn9aIDg17fwj7UCJSfC6lBpVEOXYdkhD/8L5Z8cnh4hb3J4ycsmsndqjPM1toMPvT&ph=891f9997635b&phv=1,株式会社ツクイスタッフ,                     石川県 金沢市                                    ,"時給1,130円～1,180円 / 交通費支給",派遣社員,                    未経験OK                                     学歴不問                                     昇給あり                                     特別養護老人ホーム                                     有料老人ホーム                                     研修あり                                     短期・単発                 ,,14日以上前,,,
                     既存のお客様を担当 リフォームアドバイザー #毎月3連休あり                 ,https://xn--pckua2a7gp15o89zb.com/jb/85a1af29fe3aae9abf98cac35428e009,株式会社キャッツ,                     石川県 金沢市                                    ,月給27万円～35万円,正社員,                    未経験OK                                     ブランクOK                                     インセンティブ                                     女性管理職登用                                     車通勤OK                                     交通費                                     週休2日                 ,人気,14日以上前,,,
未経験歓迎「総合職」人材紹介／休日123日／転勤無しも選択可能／全国47都道府県に展開,https://xn--pckua2a7gp15o89zb.com/rd/?uaid=l66a8fd4f9bfe11fc577641c43fdac255&p=t%2BAK7k0GmMUr0ZRss/MBm/fDCShMZmUGpjxd8tWtewfy4Ph/LaxK1K7f1NeNng39D8AGxHA9XOC3dAGjm0ek%2BZ/O81UF3iUb99fkxRIgTTz5n5JcUE/Wz5Xr0/xvzK3QXeEi/9bJ4CtFCaHjw46MY9DT0fzuEuBxXTpuI/MZKucjnnyMhe3zo3fGWwbN/t7NppPTgFlZCUYvgHUEEBJTCxhcFRcizxM3B1aLRezF9rtQYKblYDpixejT2QdkQjJSyXJaiPl/q7vGVGiEEIX8bWjRpYVq/BS3BGd7yPRPKiH%2BNtwOTXPUI/q3PsDjN6gKDzl01inQxGxVdkiL8M6qQbxp5isralP2G5c/7gWqPWAtJvCohgSyW5rFz48XHix92wRVKt2T4CJZqu6UWGVEku85RvuUIdVb%2Beha4ndeDqK1mOSqSIzDUMBImQQkbgkyPz8hY/piGjbzxT8zehTt2OYdOh9hHGBBOT0uwr8PzTIpoqRxbyTKAddVnjYH6/3Eeu09aXuo9v9xJJeJKPBP6Q%3D%3D&ph=828e53391402&phv=1,株式会社ワークポート,                     石川県 金沢市 広岡                                    ,月給26万円 / 賞与あり・昇給あり,正社員,                    未経験OK                                     駅チカ                                     産休・育休                                     インセンティブ                                     転勤なし                                     禁煙・分煙                                     社保完備                 ,人気,14日以上前,かんたん応募＆選考サポート,,
店舗数日本一のカラオケまねきねこの店舗運営／未経験や初社員も歓迎,https://xn--pckua2a7gp15o89zb.com/rd/?uaid=la104aa0b6515129d0e1afd8b14f4f59d&p=t%2BAK7k0GmMUr0ZRss/MBm678fO2mRucrSuRwBOUvKeHicRnwY2FZH8pvZBoOxNQf4DI9TCP/TB1Eo7xVC8QWSw%2Bf6DkuB%2BuBT466X1tsR7NOPF1LAY%2BQnXoFTMunMeNuipUbZRdFt19vBBtuq3ustHMtRZ7iFhPhaB3viMitjnJQ3um3ei2oZ0eSLL2gva2ArmrqYgEeW3EH8%2BsI1TDc2vVgtHJqy88BRkTjXoV4g42FhTvG%2BfC4Z7YuTf69ETIQDDplwLExZ6IbomuEN02AkCRNifsiQ5ije4scwzJ7v89kiEvvz3WRF0biFU5J8nK%2BDIqZcJNERoYvcHwcOznuDXpCXxhFNxKZf%2BmsR5oGavFqS/Iss9a/SLMTb84ZMxW3%2BaLkvYChve6sfZc59tkpEbw/QbAkqiVFkZlBstfOnfvGwWGSkzP1ie0wdV%2B1ZmU4aNj98xThEoCB7uz5ai3WOfiuu3Q1K0Xx5rCRI44p8zfvgY1DKTErg8kQploah51W74aRWMr%2BtQctd9MWjLyTceDkWdbCmfuGJpXExdIFjfk%3D&ph=2c319c7c1c83&phv=1,株式会社コシダカ,                     石川県 金沢市 有松 / 西金沢駅 車10分                                    ,"月給29万4,000円 / 賞与あり・昇給あり",正社員,                    未経験OK                                     学歴不問                                     無資格OK                                     夜勤あり                                     禁煙・分煙                                     産休・育休                                     ブランクOK                 ,,3日前,,,
販売スタッフ／石川県金沢市,https://xn--pckua2a7gp15o89zb.com/rd/?uaid=lc27b5b9d731800550eba30c921d0367f&p=t%2BAK7k0GmMUr0ZRss/MBm4LMRKTrNLbSl7PPMMeZV9QVVesJMWnnrlyd6Joz1zIhSFmlhUJeLnkaZRdTagbT74dRaidHesdtfZzhm%2BQbNE%2BB4EnOb/PubiD840BJtlMl79N%2BsoBQkkcIMNYBNMcl4NDX2Z2UWCINE5Kco2TOhtM375rPVCdWqzS4b4%2B88cfJGgn9NDQxqf3tHfyL%2B0GJuzNSUm1KNqN/VkllCeDUvba2lo5abI22yMtIipbAR7F2HKeFWMtFgh3onzB4J2KWHSzRWweMF4ahieCoh3JCg583b71m0IW9yn1L/zLez9lfoq1ef9A7aQXYRAEVcryDZuy4DcgKKLoSMefN05Fs/KEWfWDEoeun0u%2BL0OaV2wc3faVaPK103zZh%2B5W/t%2BS9Xe%2BBjUMpMSuDyRCmWhqHnVbaE483Je4xsQInoT3MMBP4r50jzGLSA4OTPy/lme37GA%3D%3D&ph=d2358da2c155&phv=1,株式会社ディンプル 金沢オフィス,                     石川県 金沢市 堀川新町 / 金沢駅 / 金沢フォーラス                                    ,"時給1,400円～ / 交通費支給",派遣社員,                    未経験OK                                     急募                                     禁煙・分煙                                     駅チカ                                     履歴書不要                                     残業なし                                     シフト制                 ,,3日前,,,
個人営業,https://xn--pckua2a7gp15o89zb.com/rd/?uaid=l7127cfbe4a550eb119e38a82ccef749f&p=t%2BAK7k0GmMUr0ZRss/MBm8wvr53anE6xdxLwkPRRnv8xefwraM/rkT5B8v/H%2Bt%2BFbQ6Ojwdw5oNy31V2Dxao8IdRaidHesdtfZzhm%2BQbNE%2ByRtlCC4GTMFijOcDKR7s779N%2BsoBQkkcIMNYBNMcl4NDX2Z2UWCINE5Kco2TOhtM375rPVCdWqzS4b4%2B88cfJGgn9NDQxqf3tHfyL%2B0GJuzNSUm1KNqN/VkllCeDUvba2lo5abI22yMtIipbAR7F2HKeFWMtFgh3onzB4J2KWHSzRWweMF4ahieCoh3JCg583b71m0IW9yn1L/zLez9lfoq1ef9A7aQXYRAEVcryDZnJIiRIC9a7JdGAwLCY%2B2E1qGHvCwZjEP1UibkN0dEmEo0r5pl0RXuprkQpdnCJEyda9kunxUTNuIXVBN0sUF04XjX7GcT4J/7FoFyxN/5UbjtTpGshfxhoEL6Jy%2BIRUYz12cfxpPEdXWHb40bPYUqw%3D&ph=a7aa7d357e59&phv=1,株式会社アートネイチャー,                     石川県 金沢市 上堤町                                    ,,正社員,                    女性活躍                                     産休・育休                                     シフト制                                     研修あり                                     昇給あり                                     特別休暇                                     インセンティブ                 ,,7日前,,,
外国人技能実習生のサポート業務 組合事業の案内等,https://xn--pckua2a7gp15o89zb.com/rd/?uaid=l57baef9a876282d6c06e37ccd96c4be6&p=t%2BAK7k0GmMUr0ZRss/MBmyRCqbz6NRc%2BHqGPTX5NukiT38SXG/DtV6T9oqCjlS7HIf9qwspSxbRiguG0%2BRXAhg%2Bf6DkuB%2BuBT466X1tsR7Ny/gYSUIP61otmQMgE9/9UipUbZRdFt19vBBtuq3ustHMtRZ7iFhPhaB3viMitjnJQ3um3ei2oZ0eSLL2gva2ArmrqYgEeW3EH8%2BsI1TDc2vVgtHJqy88BRkTjXoV4g42FhTvG%2BfC4Z7YuTf69ETIQDDplwLExZ6IbomuEN02AkCRNifsiQ5ije4scwzJ7v8/Z4NxmTNoKK8I6iP5XGcgftqDJ4V2V9xcFiVc5IaytZHpCXxhFNxKZf%2BmsR5oGavFqS/Iss9a/SLMTb84ZMxW3%2BaLkvYChve6sfZc59tkpEcd6zYZkCiPkwV3w9RjQxSVT/svnxzGiY3HNhIfyaIE9doZk9v9VP6u1IuVldgwp04OKLFWUC%2Bbx3h2eHuY%2Bv/g/PyFj%2BmIaNvPFPzN6FO3Y5h06H2EcYEE5PS7Cvw/NMnbCG93ICldq3ua/jlpdf1cwilSHlDX1MdGiwAWcPSJu&ph=5eebc15e53dc&phv=1,北陸ロードサービス事業協同組合,                     石川県 金沢市 駅西新町 / 金沢駅 車6分                                    ,月給20万円～30万円 / 昇給あり,正社員,                    未経験OK                                     学歴不問                                     社保完備                                     長期休暇                                     禁煙・分煙                                     制服あり                                     UIターン                 ,人気,5日前,かんたん応募,,
道路区画線作業スタッフ,https://xn--pckua2a7gp15o89zb.com/rd/?uaid=6082644e9c682c624cc83792d7bbb298&p=t%2BAK7k0GmMUr0ZRss/MBm1dzFKWZttz6jBaPc8F7E5NlLZxGWehjDScHlVGh96udWBn6zHK7i0dnDfQ1Hlw4WQ%2Bf6DkuB%2BuBT466X1tsR7MASNtW%2BPojirLoEYX6ZWL9ipUbZRdFt19vBBtuq3ustHMtRZ7iFhPhaB3viMitjnJQ3um3ei2oZ0eSLL2gva2ArmrqYgEeW3EH8%2BsI1TDc2vVgtHJqy88BRkTjXoV4g42FhTvG%2BfC4Z7YuTf69ETIQjAl22JGnDmX9hSAF/hwEbDLKg05/T1MOOt/FfzMx2QykBQZtHpMaQzvXbLNF2hZGAZBbXazHCbaLvkLnKlqgA3Ob341e2RTVjQgUG/1axYsbhS4nF4caoVPxNtpOre3ccQa%2B9Jqf2oy4aM4fcFebsZXntVnBtxIt7ZnyCGlbtaUR0rErgqWppXNXkor3/xthAYNjDSjhyb5Ad0yOVoT2oLITI8GOzdJNHGgzysa0Iuc%3D&ph=428831fdd4bd&phv=1,アドライナー株式会社,                     石川県 金沢市 東蚊爪町                                    ,月給22万円～40万円 / 賞与あり・昇給あり,正社員,                    未経験OK                                     学歴不問                                     資格手当                                     転勤なし                                     残業少                                     フリーター歓迎                                     制服あり                 ,,10日前,かんたん応募,,
土日祝休み×官公庁の安定職 お仕事内容は3ステップで完了。代表電話の受付&カンタン入力,https://xn--pckua2a7gp15o89zb.com/rd/?uaid=lce1b049322d9b5e267d0652c137d591d&p=t%2BAK7k0GmMUr0ZRss/MBm/9AtZVcnVO8aPnJ1fUqqr3hCDnOkto1Bg53GRZEoH78cyqmhXhMLZzWlmnEw0rvzg%2Bf6DkuB%2BuBT466X1tsR7MsMOkflaZzfc1Zi8L6IyrPipUbZRdFt19vBBtuq3ustHMtRZ7iFhPhaB3viMitjnJQ3um3ei2oZ0eSLL2gva2ArmrqYgEeW3EH8%2BsI1TDc2vVgtHJqy88BRkTjXoV4g42FhTvG%2BfC4Z7YuTf69ETIQDDplwLExZ6IbomuEN02AkCRNifsiQ5ije4scwzJ7v89EJV/LszgR2vOc5ubwzFgtyrYwjScWhLtR8dODQEYEE4GgdrO7OjYqvB7FJ8BikU73vKbdUbtVNLRPnO6EJq7DD0UPTvJTKQ1AbtNnyqDfs1Q9fOUH8SrU9fXNxYCA9kUaPpMgpS6neP6iwATayZUFVSvNs4CIf7CPpv48qMcciRQ5GhpCtzvMA1cDbV2gRDT3J4ycsmsndqjPM1toMPvT&ph=f2e6e0be8f55&phv=1,株式会社ベルシステム24,                     石川県 金沢市 金沢駅                                    ,"時給1,090円～ / 交通費支給",アルバイト・パート,                    未経験OK                                     土日祝休                                     ミドル・シニア                                     禁煙・分煙                                     産休・育休                                     公的機関                 ,人気,6日前,かんたん応募,,
吉野家のホール・キッチンスタッフ／月8～10日休み／転勤なし・エリア採用,https://xn--pckua2a7gp15o89zb.com/rd/?uaid=la90f534f0ed987c84e2b2dfc9f05cdea&p=t%2BAK7k0GmMUr0ZRss/MBmwuB8rGkNVcKc5SJurQOjgIerlFibQraK8BYAIAsy0LmsMxsq7ypa7KpsgqRM/NS4w%2Bf6DkuB%2BuBT466X1tsR7NJSCA24LFqEvkmz2fRPIE8ipUbZRdFt19vBBtuq3ustHMtRZ7iFhPhaB3viMitjnJQ3um3ei2oZ0eSLL2gva2ArmrqYgEeW3EH8%2BsI1TDc2vVgtHJqy88BRkTjXoV4g42FhTvG%2BfC4Z7YuTf69ETIQDDplwLExZ6IbomuEN02AkCRNifsiQ5ije4scwzJ7v8%2B0ShBBQ04UxmXghGakDI7GyoxF6NZ8Ao8d5A9DOEl0r4GgdrO7OjYqvB7FJ8BikU73vKbdUbtVNLRPnO6EJq7DD0UPTvJTKQ1AbtNnyqDfs9ZecgUhVf9Ut0E%2BB58rgLtqVCspVlKtLSIxvIG%2BoLgKR9fVZZhmlMqu7BFy%2Be4QoJdYhXKQi9Hc%2BV2IUPC7NGQ/PyFj%2BmIaNvPFPzN6FO3YjhGn0yzmcPwtClcJv4gdiwwUkywbcZ78s5iuJcPW2RFFUdB2q77eJAcYyDvZ1pd/&ph=2d669a17cefe&phv=1,株式会社中日本吉野家,                     石川県 金沢市 福久町 / 森本駅 徒歩12分                                    ,"月給21万1,200円～24万200円 / 賞与あり・昇給あり",正社員,                    未経験OK                                     学歴不問                                     特別休暇                                     フリーター歓迎                                     産休・育休                                     転勤なし                                     社保完備                 ,,8日前,かんたん応募,,
                     倉庫内軽作業スタッフ／スピード採用                 ,https://xn--pckua2a7gp15o89zb.com/jb/b255f372291b4c476fb2fd81b70f68f5,Next up,                     石川県 金沢市                                    ,"月給23万6,000円～28万8,000円",正社員,                    未経験OK                                     ブランクOK                                     禁煙・分煙                                     平日のみOK                                     土日祝休                                     資格有歓迎                                     研修あり                 ,人気,14日以上前,かんたん応募,,
                     アミングの 販売スタッフ 30代女性活躍中 残業月平均17時間                 ,https://xn--pckua2a7gp15o89zb.com/jb/0fc4ab736c3815a1bf5df6ba97f363c7,株式会社アミング,                     石川県 金沢市                                    ,"月給22万1,000円～ / 賞与あり・昇給あり",正社員,                    未経験OK                                     服装自由                                     第二新卒                                     駐車場あり                                     残業月～30時間                                     産休・育休                                     シフト制                 ,人気,14日以上前,,,
                     未経験歓迎 “ありがとう”が嬉しい 商業施設の 物流管理                 ,https://xn--pckua2a7gp15o89zb.com/jb/acafb5311bf7c4de019b6a186edb62c4,株式会社LSB,                     石川県 金沢市                                    ,"月給23万640円～24万7,570円 / 昇給あり",正社員,                    未経験OK                                     学歴不問                                     第二新卒                                     転勤なし                                     シフト制                                     UIターン                                     産休・育休                 ,人気,14日以上前,,,
個人向け営業／未経験 髪色・ネイル自由,https://xn--pckua2a7gp15o89zb.com/rd/?uaid=lf61f8df4070a05bc2705ddf5a7b9799c&p=t%2BAK7k0GmMUr0ZRss/MBmycGawRg22E//NyuC3S7eBG4B3N3EBD4U/LAY6zMHRjyfCJ287YSTRnvrWLw1dapPIdRaidHesdtfZzhm%2BQbNE%2BJiIIp24vuH2SSU3j2hHQj79N%2BsoBQkkcIMNYBNMcl4NDX2Z2UWCINE5Kco2TOhtM375rPVCdWqzS4b4%2B88cfJGgn9NDQxqf3tHfyL%2B0GJuzNSUm1KNqN/VkllCeDUvba2lo5abI22yMtIipbAR7F2HKeFWMtFgh3onzB4J2KWHSzRWweMF4ahieCoh3JCg5/RK7KVNLqigiqZggBDIVXioq1ef9A7aQXYRAEVcryDZlYJcdYR065/9VuGW1oOtZu7ym4rna6DX8nyZoSXBCBQr13qwjSgy05K/4ZrGaxLDGGnZjO%2Bbth9gXCJH6CkPUruauXBKy8pAIyfAIsY%2BEb8g46XW9Ybfrz7w3Y4Nneu1VOPEWOsgU9cTsYstGyGXOc%3D&ph=a76eb1127a5c&phv=1,株式会社サンワハウス,                     石川県 金沢市 金沢駅                                    ,月給25万円～30万円 / 昇給あり,正社員,                    未経験OK                                     服装自由                                     交通費                                     UIターン                                     週休2日                                     社保完備                                     禁煙・分煙                 ,,14日以上前,,,
                     美容部員・BA募集! Aesop                 ,https://xn--pckua2a7gp15o89zb.com/jb/6b4dfafef196f4bceacf3026e193edaa,日本ロレアル株式会社,                     石川県 金沢市                                    ,年収240万円～350万円 / 賞与あり・昇給あり,契約社員,                    未経験OK                                     転勤なし                                     資格取得支援                                     経験者優遇                                     産休・育休                                     インセンティブ                                     社員登用                 ,,14時間前,,,
                     もくもく倉庫内作業／医薬品のピッキング・夕方から短時間                 ,https://xn--pckua2a7gp15o89zb.com/jb/e1ab8abd33089cf932b8afa69c43864b,株式会社G&G,                     金沢市 大浦町 / 大河端駅 車5分                                    ,"時給1,200円",派遣社員,                    未経験OK                                     服装自由                                     WワークOK                                     出社10時～                                     高収入                                     学歴不問                                     ミドル・シニア                 ,人気,12日前,,,
未経験歓迎「リクルーティングアドバイザー」人材紹介／年間休日123日／転勤無しも選択可能,https://xn--pckua2a7gp15o89zb.com/rd/?uaid=lf5171546fc4e25617d8e4a248237505e&p=t%2BAK7k0GmMUr0ZRss/MBm7nBk6ViZQTq5IyTad2DsS4kSkseoq4vHbNLPSksaWMPzwlxu6DpiMBu4Kvm5eiz2Z/O81UF3iUb99fkxRIgTTz5n5JcUE/Wz5Xr0/xvzK3QXeEi/9bJ4CtFCaHjw46MY9DT0fzuEuBxXTpuI/MZKucjnnyMhe3zo3fGWwbN/t7NppPTgFlZCUYvgHUEEBJTCxhcFRcizxM3B1aLRezF9rtQYKblYDpixejT2QdkQjJSyXJaiPl/q7vGVGiEEIX8bWjRpYVq/BS3BGd7yPRPKiH%2BNtwOTXPUI/q3PsDjN6gK9QaaXuBXMnpXqO8jcIc9Ta0GH8UKUMqWVZa0Z1pzhAM3b71m0IW9yn1L/zLez9lfoq1ef9A7aQXYRAEVcryDZjQCBcka4kHKo6%2BFCVEbbGO147ViHIR%2BpsJiVRlIgRT/D68tFZMD8ueGydiWSRw7frKEvD3aOgYrRi3ZBMrQx3mTHsT2n7NV4MK%2BProo7AEP9tIL0J1ys5BwzLdUj6my9Q%3D%3D&ph=d607e7ade016&phv=1,株式会社ワークポート,                     石川県 金沢市 広岡                                    ,月給26万円 / 賞与あり・昇給あり,正社員,                    未経験OK                                     転勤なし                                     駅チカ                                     インセンティブ                                     産休・育休                                     社保完備                                     禁煙・分煙                 ,人気,14日以上前,かんたん応募＆選考サポート,,
                     中古車の スマホ撮影・洗車スタッフ                 ,https://xn--pckua2a7gp15o89zb.com/jb/192b2e4a82021808ccb81ab7b6b65d7b,株式会社カークレド,                     石川県 金沢市                                    ,月給23万円～ / 賞与あり,正社員,                    未経験OK                                     在宅ワーク                                     学歴不問                                     インセンティブ                                     フレックス制                                     週休2日                                     AT限定可                 ,人気,8日前,,,
                     日配品売場／品出しなど／アル・プラザ 金沢                 ,https://xn--pckua2a7gp15o89zb.com/jb/960482097926e879d67aab9b99465339,株式会社平和堂,                     金沢市 諸江町 / 上諸江駅 徒歩6分                                    ,"時給1,070円～1,170円 / 交通費支給",アルバイト・パート,                    未経験OK                                     女性活躍                                     禁煙・分煙                                     バイクOK                                     主婦・主夫                                     服装自由                                     フリーター歓迎                 ,人気,14日以上前,,,
                     時給大幅アップ!／石川県金沢市の受付・案内・接客サービス／心に残る安心の「株式会社                 ,https://xn--pckua2a7gp15o89zb.com/jb/f1a430d8425bca78365bf8962dbcf213,株式会社米永,                     金沢市 神谷内町                                    ,"時給1,400円～1,600円 / 交通費支給",アルバイト・パート,                    未経験OK                                     学歴不問                                     研修あり                                     学生歓迎                                     制服あり                                     シフト制                                     WワークOK                 ,人気,8日前,,,
                     案内・フロント／ガソリンスタンド                 ,https://xn--pckua2a7gp15o89zb.com/jb/4e1d4067ac6ce98415849392c2435cd1,大器キャリアキャスティング株式会社,                     野々市市 本町 / 馬替駅 徒歩20分                                    ,"日給7,050円",アルバイト・パート,                    未経験OK                                     学歴不問                                     研修あり                                     経験者優遇                                     土日祝休                                     女性活躍                                     バイクOK                 ,人気,11日前,,,
                     いつもありがとう!感謝される ルート配送 賞与4ヶ月／土日休                 ,https://xn--pckua2a7gp15o89zb.com/jb/967bc8165e38caa69caa06a07e06502f,株式会社サニクリーン甲信越,                     金沢市 示野町                                    ,"月給20万362円～24万4,837円 / 昇給あり",正社員,                    未経験OK                                     ブランクOK                                     インセンティブ                                     UIターン                                     土日祝休                                     年休120日～                                     車通勤OK                 ,人気,11日前,,,
                     レジ打ち、グッズ販売／ポケモンセンターカナザワ                 ,https://xn--pckua2a7gp15o89zb.com/jb/25a246dd13c3338f3ebfa3ea0b5a8914,株式会社ポケモンセンター,                     金沢市 堀川新町 / 金沢駅 徒歩2分                                    ,"時給1,150円～ / 交通費支給",アルバイト・パート,                    未経験OK                                     学歴不問                                     土日祝のみ                                     制服あり                                     主婦・主夫                                     経験者優遇                                     友達応募OK                 ,人気,14日以上前,,,
                     デリ・惣菜販売・スイーツ販売、レジ打ち／ひゃくまんぞく亭                 ,https://xn--pckua2a7gp15o89zb.com/jb/dc3f85b0b9c8529669bc3ae7fa6d9a2e,株式会社クリエイト・レストランツ・ホールディングス,                     金沢市 木ノ新保町 / 北鉄金沢駅 徒歩0分 / 金沢百番街                                    ,"時給1,000円～ / 交通費支給",アルバイト・パート,                    未経験OK                                     ミドル・シニア                                     禁煙・分煙                                     履歴書不要                                     初バイト                                     フリーター歓迎                                     ブランクOK                 ,人気,13日前,,,
事務スタッフ／買取の専門知識一切不要!／簡単なデータ入力、商品発送作業など,https://xn--pckua2a7gp15o89zb.com/rd/?uaid=ldf9b2539ebe2a2bd04888a813e68c0b4&p=t%2BAK7k0GmMUr0ZRss/MBm4%2BGB7eYdA7y7GTHsA/ZlIt2LA5l7goEkgtI5if2f9Iju%2BG29%2BkJqPERN1zWZ/iZPw%2Bf6DkuB%2BuBT466X1tsR7PGvgkNnHEAPfxOw4kvRfFAipUbZRdFt19vBBtuq3ustHMtRZ7iFhPhaB3viMitjnJQ3um3ei2oZ0eSLL2gva2ArmrqYgEeW3EH8%2BsI1TDc2vVgtHJqy88BRkTjXoV4g42FhTvG%2BfC4Z7YuTf69ETIQDDplwLExZ6IbomuEN02AkCRNifsiQ5ije4scwzJ7v89iT%2BwmZ8xWNxqr9rDWByjwTcTiqmGYf5EH4N%2Byo%2BWrjoGgdrO7OjYqvB7FJ8BikU73vKbdUbtVNLRPnO6EJq7DD0UPTvJTKQ1AbtNnyqDfs%2BaZYze6xwdAbDJlScVL9pLHDZd4u6VhSMjQSyN0hbCp07%2BV3Rbo4o/BEQ%2Bc%2BufI61aGzxBxIiAfY19P9RuxYZIR0rErgqWppXNXkor3/xthXmEQGV8Pid8IBPvrwwxr7PcnjJyyayd2qM8zW2gw%2B9M%3D&ph=179cc52ca40f&phv=1,株式会社アンビション,                     石川県 金沢市 高畠                                    ,"月給22万5,000円～ / 賞与あり・昇給あり",正社員,                    未経験OK                                     服装自由                                     研修あり                                     簿記                                     長期休暇                                     ネイルOK                                     週休2日                 ,,8日前,かんたん応募,,
分別作業・収集運搬スタッフ／転勤なし／入社祝い金あり／定時帰宅を強く推奨しています,https://xn--pckua2a7gp15o89zb.com/rd/?uaid=lc216fc92b856daa6213c2c1a0681e565&p=t%2BAK7k0GmMUr0ZRss/MBm6fz8Tm4Iyoeh%2BWLGDH2RjelZmjy05cKPo4iDfBfAebM8T4yuIvcLapRxyXMRZs9mwYG0AP8nj3uEmbPeSNblsDVSopt2O/FuQeWNRShi5XiipUbZRdFt19vBBtuq3ustHMtRZ7iFhPhaB3viMitjnJQ3um3ei2oZ0eSLL2gva2ArmrqYgEeW3EH8%2BsI1TDc2vVgtHJqy88BRkTjXoV4g42FhTvG%2BfC4Z7YuTf69ETIQDDplwLExZ6IbomuEN02AkCRNifsiQ5ije4scwzJ7v8%2B%2Bo4X5JQbL9rNt%2BZGhu9ydpziej14g1mDEnJDIQIavz3pCXxhFNxKZf%2BmsR5oGavFqS/Iss9a/SLMTb84ZMxW3%2BaLkvYChve6sfZc59tkpES11b/C8p0d/qAjH%2Bz0nwqv2r2SLGAjzjvWuc44D2U%2Bg/IUs6H7z8lLMS/AbfHXxWLFYow29uE5H4TD4ps1IRtEaYxMPqGsdAT4CQoClf4Yr8GoretiE7aN1VzxMKGE2wkVR0Harvt4kBxjIO9nWl38%3D&ph=cd7d21500d02&phv=1,株式会社ミヤタクリーンサービス,                     石川県 金沢市 玉鉾 / 金沢駅 車10分                                    ,"月給24万4,000円～54万円 / 賞与あり・昇給あり",正社員,                    未経験OK                                     学歴不問                                     増員募集                                     土日祝休                                     車通勤OK                                     髪型・髪色自由                                     シフト制                 ,人気,14日以上前,かんたん応募,,
自動車整備士／地域限定職／新求人募集スタート!プライベートとの両立も目指せる地域限定職,https://xn--pckua2a7gp15o89zb.com/rd/?uaid=1178272e7f896c3929758d21111c3306&p=t%2BAK7k0GmMUr0ZRss/MBmw0f0HZWAwRvxH/hyms1d/B2gIdEEwXgRTvVrWO2jkb7Zdz6k6TcUR5GnwaGhPvgIAYG0AP8nj3uEmbPeSNblsDV3RwP0F5Pbyz1kvXqJrDfipUbZRdFt19vBBtuq3ustHMtRZ7iFhPhaB3viMitjnJQ3um3ei2oZ0eSLL2gva2ArmrqYgEeW3EH8%2BsI1TDc2vVgtHJqy88BRkTjXoV4g42FhTvG%2BfC4Z7YuTf69ETIQjAl22JGnDmX9hSAF/hwEbDLKg05/T1MOOt/FfzMx2QythLroct00iSLy5nryhenD4E26QmIAw45OapY64YLskXOb341e2RTVjQgUG/1axYsbhS4nF4caoVPxNtpOre3ccQa%2B9Jqf2oy4aM4fcFebsZXntVnBtxIt7ZnyCGlbtaUR0rErgqWppXNXkor3/xthu0AoAJTl0THOMjNbY38SB%2BDkWdbCmfuGJpXExdIFjfk%3D&ph=ceb9a592942c&phv=1,SUV LAND金沢,                     石川県 金沢市                                    ,"月給24万3,000円～49万7,000円",正社員,                    女性活躍                                     急募                                     産休・育休                                     男性活躍                                     資格取得支援                                     自動車整備士                                     固定給                 ,,14日以上前,かんたん応募,,
マネージャー候補 地域密着の写真館でチームをまとめる未来の店長を募集,https://xn--pckua2a7gp15o89zb.com/rd/?uaid=5f847edfaf43b83f4494e27cad2b0411&p=t%2BAK7k0GmMUr0ZRss/MBm5HLxisZrA0DQuh%2B4FAxTOY6caSzCeG0/LqT58w6uwIZuKipTy4pDKYsYRL3NIOTRwYG0AP8nj3uEmbPeSNblsAMVD9NF1E6Ulm82ipYaLGbipUbZRdFt19vBBtuq3ustHMtRZ7iFhPhaB3viMitjnJQ3um3ei2oZ0eSLL2gva2ArmrqYgEeW3EH8%2BsI1TDc2vVgtHJqy88BRkTjXoV4g42FhTvG%2BfC4Z7YuTf69ETIQjAl22JGnDmX9hSAF/hwEbDLKg05/T1MOOt/FfzMx2QzH1G6BX6NC6zR/X6FLIistxHu4K8zq%2BKHHqx/NRF6nTnOb341e2RTVjQgUG/1axYsbhS4nF4caoVPxNtpOre3ccQa%2B9Jqf2oy4aM4fcFebsZXntVnBtxIt7ZnyCGlbtaUWouv5d0mZom8XRsViggSqVn1WJ2TtjNaPpIWFGlJs8uDkWdbCmfuGJpXExdIFjfk%3D&ph=925b864c33f3&phv=1,株式会社2ko／フォトコザカ,                     石川県 金沢市 寺町                                    ,月給25万円～40万円 / 賞与あり・昇給あり,正社員,                    女性活躍                                     服装自由                                     社保完備                                     MGR                                     産休・育休                                     交通費                                     資格取得支援                 ,人気,14日以上前,かんたん応募,,
大手メガネブランドの受付・接客スタッフ／ノルマなし／未経験可／土日休み相談可／残業ほぼなし／社割あり,https://xn--pckua2a7gp15o89zb.com/rd/?uaid=3850bf4237cef15f112b32cb31b6d81e&p=t%2BAK7k0GmMUr0ZRss/MBmx9p1v7p02Gstz578pR5p0C5Ps/yIbl8MVVDajnX2%2BCfKHbi0NhJCpSRdcfZ/0WbgwYG0AP8nj3uEmbPeSNblsD/KKDKazh/W1sYl2t%2BW5pZipUbZRdFt19vBBtuq3ustHMtRZ7iFhPhaB3viMitjnJQ3um3ei2oZ0eSLL2gva2ArmrqYgEeW3EH8%2BsI1TDc2vVgtHJqy88BRkTjXoV4g42FhTvG%2BfC4Z7YuTf69ETIQjAl22JGnDmX9hSAF/hwEbDLKg05/T1MOOt/FfzMx2Qz1aqe3ZAVoDdyLDUG16UuBQvM1jJHgwfSuuUTPm7y8vnOb341e2RTVjQgUG/1axYsbhS4nF4caoVPxNtpOre3ccQa%2B9Jqf2oy4aM4fcFebsZXntVnBtxIt7ZnyCGlbtaUR0rErgqWppXNXkor3/xthJItqPbiplrzFzgIqNINvneDkWdbCmfuGJpXExdIFjfk%3D&ph=8e3613500a4a&phv=1,OWNDAYS クラソ・プレイス香林坊,                     石川県 金沢市 金沢駅                                    ,"月給22万5,000円～27万円 / 賞与あり・昇給あり",正社員,                    未経験OK                                     ブランクOK                                     産休・育休                                     社保完備                                     シフト自由                                     社割あり                                     車通勤OK                 ,,4時間前,かんたん応募,,
部品配送／未経験歓迎!／大手企業で安心／土日祝お休み／冷暖房完備,https://xn--pckua2a7gp15o89zb.com/rd/?uaid=l8bfcb872e2c84c6be61bf23d9b0c3518&p=t%2BAK7k0GmMUr0ZRss/MBm3z1fDW/bQP4aWySH6apRUmXvcDHNKKJChobVaTX%2BnEfirs1gFzpjAFXqrHwt2c7BwYG0AP8nj3uEmbPeSNblsBGgZhb8QdMf10SreIHGa4DipUbZRdFt19vBBtuq3ustHMtRZ7iFhPhaB3viMitjnJQ3um3ei2oZ0eSLL2gva2ArmrqYgEeW3EH8%2BsI1TDc2vVgtHJqy88BRkTjXoV4g42FhTvG%2BfC4Z7YuTf69ETIQDDplwLExZ6IbomuEN02AkMuV7Wm9wrxim9MPKRc5TfYkRjRQQB/OLd5/Td8G9aU5CPUQVBJkrmd%2BWir7s/DRxXOb341e2RTVjQgUG/1axYsbhS4nF4caoVPxNtpOre3ccQa%2B9Jqf2oy4aM4fcFebsfOJXc15wzHWSlqOzgG0Ae6RLMMkNgJXNFG%2BRSAAUBrpn4UHkGraV/T8nBJdPi9xQq06kpYYbleCdl7imU97PVgPcoHc48tTVKvwjberA5deO1DK2JsMgozvolIfb8RpG7fFKf4WwHxPzwvIM8tdvrDTG474tEvG2AAlSBQkgkxX&ph=90ad93679f4a&phv=1,シブヤEDI株式会社,                     石川県 金沢市 若宮                                    ,"時給1,130円～1,250円 / 交通費支給",派遣社員,                    未経験OK                                     女性活躍                                     冷暖房完備                                     シフト制                                     土日祝休                                     職場見学                                     主婦・主夫                 ,,14日以上前,かんたん応募,,
アパレル／残業なし／大和香林坊店 販売員 アパレル 接客販売 制服貸与,https://xn--pckua2a7gp15o89zb.com/rd/?uaid=l9705e1c0dd1e11af4f831a742af0c2ad&p=t%2BAK7k0GmMUr0ZRss/MBmyBhvEdOJRZwhmrv/PMso%2Bapo2ftQMcPKLXgIw3003IaaK2H9%2BijUK0NaJ9nu8VyRqf8uOSd%2Bg8RoqAKIms9SV2B4EnOb/PubiD840BJtlMl79N%2BsoBQkkcIMNYBNMcl4NDX2Z2UWCINE5Kco2TOhtM375rPVCdWqzS4b4%2B88cfJGgn9NDQxqf3tHfyL%2B0GJuzNSUm1KNqN/VkllCeDUvba2lo5abI22yMtIipbAR7F2HKeFWMtFgh3onzB4J2KWHSzRWweMF4ahieCoh3JCg583b71m0IW9yn1L/zLez9lfoq1ef9A7aQXYRAEVcryDZmffsJRqCeEmy3rQWdnFLvzby0y9eypwpTWZ0KwKj2eclbUn%2BPbE7HrCSLhCh%2BHRAUjOw%2B7%2B5w6EVPuyh3YDS6FLHbugmwmFSU1UXKvoCnZ5EdKxK4KlqaVzV5KK9/8bYaPUduAvas7MGugm188qzz5yTY7sC8g/MifL767ygWnmIAMtRIfECbg7%2BOb/8aKoLw%3D%3D&ph=84d97d7e57ae&phv=1,株式会社スタッフブリッジ,                     石川県 金沢市 香林坊                                    ,"時給1,300円～1,400円 / 交通費支給",派遣社員,                    未経験OK                                     ミドル・シニア                                     主婦・主夫                                     賞与あり                                     制服あり                                     学生歓迎                                     フルタイム                 ,,9日前,,,
レジ打ち／残業なし／ハードオフは話しかけられる接客。聞き役さん活躍中／販売,https://xn--pckua2a7gp15o89zb.com/rd/?uaid=l6d67ce466a62865fc904c4a797a8353a&p=t%2BAK7k0GmMUr0ZRss/MBmyqmrj1/OuyI3PagDJha64T84mNgxAhMoImusm2zymqVxHUF3zSsgtnvn3DROllxXKf8uOSd%2Bg8RoqAKIms9SV2yRtlCC4GTMFijOcDKR7s779N%2BsoBQkkcIMNYBNMcl4NDX2Z2UWCINE5Kco2TOhtM375rPVCdWqzS4b4%2B88cfJGgn9NDQxqf3tHfyL%2B0GJuzNSUm1KNqN/VkllCeDUvba2lo5abI22yMtIipbAR7F2HKeFWMtFgh3onzB4J2KWHSzRWweMF4ahieCoh3JCg583b71m0IW9yn1L/zLez9lfoq1ef9A7aQXYRAEVcryDZgd8CR9LViKghe3sGhiSTBoclGhg/6V7wl21u70Zc4%2Bey7svjvHdciG95P8HoHdhk96%2BODUQHs%2BzxFL0VaNnsi3NP1kluB%2Bx0yPeTqN74G2NKRDx%2Brp6SIzqSGPS6PFA9j%2BdIUzlmektq%2B3zDCqO%2B6Sx/E3nrHkyYolQ6cb2uTGLO4O/P4qNHnVkv4m20gxFnA%3D%3D&ph=fdcbe5b6ed76&phv=1,ハードオフ野々市店,                     石川県 野々市市 粟田 / 乙丸駅 徒歩14分                                    ,"時給1,070円～ / 交通費支給",アルバイト・パート,                    未経験OK                                     女性活躍                                     初バイト                                     社割あり                                     シフト自由                                     研修あり                                     シフト制                 ,,9日前,,,
お酒のルート配送ドライバー 9~18:00勤務／AT限定免許でOK／賞与年2回・前年度実績50万以上,https://xn--pckua2a7gp15o89zb.com/rd/?uaid=l0f56fadae07cde926f0cc65b298bac45&p=t%2BAK7k0GmMUr0ZRss/MBm3yczs85%2BTyB9KmJZEwLM14yKM/GycMjq9Ex6bDCNMkltfRWjnNhpfiBuO/e3rfqwAYG0AP8nj3uEmbPeSNblsCWm6CFD94qXDfsBi%2BUgs50ipUbZRdFt19vBBtuq3ustHMtRZ7iFhPhaB3viMitjnJQ3um3ei2oZ0eSLL2gva2ArmrqYgEeW3EH8%2BsI1TDc2vVgtHJqy88BRkTjXoV4g42FhTvG%2BfC4Z7YuTf69ETIQDDplwLExZ6IbomuEN02AkCRNifsiQ5ije4scwzJ7v8/6vr%2BP8VxWmiyCLQMDyzT0tqDJ4V2V9xcFiVc5IaytZHpCXxhFNxKZf%2BmsR5oGavFqS/Iss9a/SLMTb84ZMxW3%2BaLkvYChve6sfZc59tkpEboEktutq4kslAeD1FylpPW6ffxWzgLfy%2BW8zlTXkX6uOtLILFCPXs0QAa9GdxES9D3DmvVXCnafh2g47FGRHADOmD/VA/WmRHLLeQ9EeVu8DEuLL8o3hFy693OSl94v6LKyidliOkQF2SMnkmQj5p4%3D&ph=57b118e33a6a&phv=1,株式会社みの川,                     石川県 金沢市 もりの里                                    ,"月給22万1,000円～27万円 / 賞与あり・昇給あり",正社員,                    未経験OK                                     禁煙・分煙                                     老舗企業                                     日勤専属                                     制服あり                                     研修あり                                     駐車場あり                 ,人気,14日以上前,かんたん応募,,
食品スーパーの店内スタッフ,https://xn--pckua2a7gp15o89zb.com/rd/?uaid=l309d95b01efa58d1271eb3a6c086ef8e&p=t%2BAK7k0GmMUr0ZRss/MBmyy1JB4mnfdvjdo5i0y7nqvk46cvNVassMmbvgR4wOnuGA42Hd7swNXmXTah6fTSKgYG0AP8nj3uEmbPeSNblsDw99n5Hh69ADXoJ1tUF/CwipUbZRdFt19vBBtuq3ustHMtRZ7iFhPhaB3viMitjnJQ3um3ei2oZ0eSLL2gva2ArmrqYgEeW3EH8%2BsI1TDc2vVgtHJqy88BRkTjXoV4g42FhTvG%2BfC4Z7YuTf69ETIQDDplwLExZ6IbomuEN02AkCRNifsiQ5ije4scwzJ7v8/nHh9HjkBLBdUhZpZdoyZXkluA4vjnghDy2ON30VM6wnpCXxhFNxKZf%2BmsR5oGavFqS/Iss9a/SLMTb84ZMxW3%2BaLkvYChve6sfZc59tkpEbkp0fQ/VYd5fUc3RegdrwCMj8DqWTJdk9hLFYtJbBYPMQ9ty0%2BhZzGx6Jido5fjDEo5VUQk6k88gTPFGWv6WTKY%2B7nvHzZ9fr3oTXjPTcZkizTcUA9HgZaHnoxBKvTV6B2sWWNWnSCd2CxPGafYEqE%3D&ph=2b3d3302db38&phv=1,ラ・ムー金沢近岡店,                     石川県 金沢市 近岡町                                    ,"時給1,000円～1,250円 / 交通費支給",アルバイト・パート,                    未経験OK                                     ミドル・シニア                                     制服あり                                     アクセサリーOK                                     バイクOK                                     学生歓迎                                     シフト制                 ,人気,2時間前,かんたん応募,,
「保育士」金沢市・経験者優遇,https://xn--pckua2a7gp15o89zb.com/rd/?uaid=l84a8e17c0db044b79f7c1541bd03184d&p=t%2BAK7k0GmMUr0ZRss/MBm4D5M1ePLrjvdclLwgiIsdh7PKxFbs3t2buhoxxCaaGq0rWYpAsE7b1dqGWZ4gBRoQYG0AP8nj3uEmbPeSNblsB3g2g4Ed3cAVAdJikWxXnMipUbZRdFt19vBBtuq3ustHMtRZ7iFhPhaB3viMitjnJQ3um3ei2oZ0eSLL2gva2ArmrqYgEeW3EH8%2BsI1TDc2vVgtHJqy88BRkTjXoV4g42FhTvG%2BfC4Z7YuTf69ETIQDDplwLExZ6IbomuEN02AkMuV7Wm9wrxim9MPKRc5TfYlFax5SPG3oFXPnwuqhdgxeJsPX9gAJkrTUXweuuLrd3pCXxhFNxKZf%2BmsR5oGavFau81GRk3qZIPG3YR6C4y/%2BaLkvYChve6sfZc59tkpEafBkCEyZQ1qh1aX7qAuoWbKMuJ/jExVT%2B%2B7x1RwvvwdVEWNSFW/O63Fsbh1N/kkaVhBKgl3nB0it00WMRBezL8wilSHlDX1MdGiwAWcPSJu&ph=93236267bb5f&phv=1,カラフルきっず,                     石川県 金沢市 弥生 / 野町駅                                    ,月給20万円～,正社員,                    資格有歓迎                                     経験者優遇                 ,,14日以上前,,,
ホール／キッチン／フード系 週休3日制or週休2日制 社員デビューOK キャリアアップ充実,https://xn--pckua2a7gp15o89zb.com/rd/?uaid=l4723bcfb0b68efc0c671cdb973226a75&p=t%2BAK7k0GmMUr0ZRss/MBm233Akb1JwPgIYqqL%2Bc7cH657qb1errXP4eG2uNAHGGKVxvKzQ0ZPOBonD%2B%2Bo3SmCgYG0AP8nj3uEmbPeSNblsDkUfiZq5yQ5iiARe/AMMWHipUbZRdFt19vBBtuq3ustHMtRZ7iFhPhaB3viMitjnJQ3um3ei2oZ0eSLL2gva2ArmrqYgEeW3EH8%2BsI1TDc2vVgtHJqy88BRkTjXoV4g42FhTvG%2BfC4Z7YuTf69ETIQDDplwLExZ6IbomuEN02AkMuV7Wm9wrxim9MPKRc5TfaqO/wJFB%2B5i6FIJ2IATdd7KpQj7WgdXhdlXhbTGOZ7jHpCXxhFNxKZf%2BmsR5oGavFqS/Iss9a/SLMTb84ZMxW3%2BaLkvYChve6sfZc59tkpEWKtqmETgm%2BQ%2BfIgs/K2QN/aVxu9WlRNQLt/1Z1RSvFq6WQcJDGWEd6bvabD2QUziPcnjJyyayd2qM8zW2gw%2B9M%3D&ph=e4415d37b72f&phv=1,カンサプ株式会社,                     石川県 金沢市 二ツ屋町 / 金沢駅 車7分                                    ,"月給28万5,000円～45万円 / 賞与あり・昇給あり",正社員,,,14日以上前,,,
